PolicyRiskSubitemID,DriverNumber,DriverDateOfBirth,DriverGender,DriverType,YearLicenceObtained,RiskDriverSubitemID
CPG00000001011,1,29/06/1970,UNKNOWN,REGULAR DRIVER,1995,CPG00000001011_1
CPG00000001011,2,29/06/1978,UNKNOWN,REGULAR DRIVER,2001,CPG00000001011_2
CPG00000001013,1,19/12/1924,MALE,REGULAR DRIVER,1950,CPG00000001013_1
CPG00000001029,1,8/07/1987,MALE,REGULAR DRIVER,2009,CPG00000001029_1
CPG00000001031,1,30/05/1961,MALE,REGULAR DRIVER,2001,CPG00000001031_1
CPG00000001036,1,3/05/1966,FEMALE,REGULAR DRIVER,1987,CPG00000001036_1
CPG00000001067,1,5/04/1929,MALE,REGULAR DRIVER,1953,CPG00000001067_1
CPG0000000107,1,3/07/1970,FEMALE,REGULAR DRIVER,1999,CPG0000000107_1
CPG00000001070,1,1/03/1942,MALE,REGULAR DRIVER,1960,CPG00000001070_1
CPG00000001080,1,23/07/1922,FEMALE,REGULAR DRIVER,1973,CPG00000001080_1
CPG00000001083,1,19/12/1923,FEMALE,REGULAR DRIVER,1958,CPG00000001083_1
CPG00000001084,1,12/11/1964,UNKNOWN,REGULAR DRIVER,2002,CPG00000001084_1
CPG00000001091,1,5/07/1955,MALE,REGULAR DRIVER,1995,CPG00000001091_1
CPG00000001094,1,13/08/1920,FEMALE,REGULAR DRIVER,2013,CPG00000001094_1
CPG00000001098,1,10/12/1929,MALE,REGULAR DRIVER,2012,CPG00000001098_1
CPG00000001099,1,2/10/1957,MALE,REGULAR DRIVER,1987,CPG00000001099_1
CPG0000000110,1,10/01/1967,MALE,REGULAR DRIVER,1999,CPG0000000110_1
CPG00000001101,1,6/09/1986,MALE,REGULAR DRIVER,2007,CPG00000001101_1
CPG00000001113,1,19/11/1943,UNKNOWN,REGULAR DRIVER,1975,CPG00000001113_1
CPG00000001126,1,6/07/1972,MALE,REGULAR DRIVER,2012,CPG00000001126_1
CPG00000001129,1,20/02/1981,FEMALE,REGULAR DRIVER,2004,CPG00000001129_1
CPG00000001132,1,7/07/1925,UNKNOWN,REGULAR DRIVER,1946,CPG00000001132_1
CPG00000001133,1,3/04/1988,MALE,REGULAR DRIVER,2007,CPG00000001133_1
CPG00000001143,1,15/12/1986,UNKNOWN,REGULAR DRIVER,2011,CPG00000001143_1
CPG00000001144,1,24/05/1937,MALE,REGULAR DRIVER,2001,CPG00000001144_1
CPG00000001150,1,21/08/1938,FEMALE,REGULAR DRIVER,1988,CPG00000001150_1
CPG00000001157,1,8/10/1969,UNKNOWN,REGULAR DRIVER,1995,CPG00000001157_1
CPG00000001159,1,24/09/1974,MALE,REGULAR DRIVER,2008,CPG00000001159_1
CPG00000001160,1,26/11/1965,UNKNOWN,REGULAR DRIVER,2010,CPG00000001160_1
CPG00000001164,1,8/06/1976,FEMALE,REGULAR DRIVER,2004,CPG00000001164_1
CPG00000001165,1,29/06/1959,MALE,REGULAR DRIVER,1999,CPG00000001165_1
CPG00000001166,1,11/11/1961,UNKNOWN,REGULAR DRIVER,1988,CPG00000001166_1
CPG00000001172,1,3/03/1985,FEMALE,REGULAR DRIVER,2009,CPG00000001172_1
CPG00000001179,1,17/09/1988,FEMALE,REGULAR DRIVER,2009,CPG00000001179_1
CPG00000001186,1,8/09/1955,UNKNOWN,REGULAR DRIVER,2002,CPG00000001186_1
CPG00000001196,1,7/01/1984,FEMALE,REGULAR DRIVER,2013,CPG00000001196_1
CPG0000000120,1,19/02/1958,MALE,REGULAR DRIVER,1991,CPG0000000120_1
CPG00000001202,1,25/06/1957,MALE,REGULAR DRIVER,1984,CPG00000001202_1
CPG00000001203,1,2/10/1965,UNKNOWN,REGULAR DRIVER,2008,CPG00000001203_1
CPG00000001204,1,26/01/1954,UNKNOWN,REGULAR DRIVER,2004,CPG00000001204_1
CPG00000001207,1,24/07/1940,MALE,REGULAR DRIVER,2010,CPG00000001207_1
CPG00000001213,1,1/07/1921,MALE,REGULAR DRIVER,1988,CPG00000001213_1
CPG00000001219,1,2/03/1947,MALE,REGULAR DRIVER,1970,CPG00000001219_1
CPG0000000123,1,18/06/1947,MALE,REGULAR DRIVER,1965,CPG0000000123_1
CPG00000001232,1,11/09/1968,FEMALE,REGULAR DRIVER,1987,CPG00000001232_1
CPG0000000124,1,12/08/1962,MALE,REGULAR DRIVER,2005,CPG0000000124_1
CPG00000001251,1,5/12/1991,UNKNOWN,REGULAR DRIVER,2010,CPG00000001251_1
CPG00000001253,1,15/05/1944,MALE,REGULAR DRIVER,1981,CPG00000001253_1
CPG00000001269,1,2/10/1971,FEMALE,REGULAR DRIVER,2006,CPG00000001269_1
CPG00000001271,1,22/06/1961,MALE,REGULAR DRIVER,2006,CPG00000001271_1
CPG00000001276,1,15/02/1986,FEMALE,REGULAR DRIVER,2011,CPG00000001276_1
CPG000000013,1,9/01/1968,FEMALE,REGULAR DRIVER,1991,CPG000000013_1
CPG00000001307,1,13/10/1963,MALE,REGULAR DRIVER,2012,CPG00000001307_1
CPG0000000131,1,20/05/1934,FEMALE,REGULAR DRIVER,1957,CPG0000000131_1
CPG00000001310,1,24/05/1925,MALE,REGULAR DRIVER,1955,CPG00000001310_1
CPG00000001320,1,9/03/1926,UNKNOWN,REGULAR DRIVER,1973,CPG00000001320_1
CPG00000001323,1,4/10/1925,UNKNOWN,REGULAR DRIVER,1991,CPG00000001323_1
CPG00000001324,1,24/02/1937,MALE,REGULAR DRIVER,1968,CPG00000001324_1
CPG00000001331,1,13/04/1931,MALE,REGULAR DRIVER,1958,CPG00000001331_1
CPG00000001334,1,28/04/1927,UNKNOWN,REGULAR DRIVER,1974,CPG00000001334_1
CPG00000001338,1,23/06/1962,MALE,REGULAR DRIVER,2003,CPG00000001338_1
CPG00000001339,1,5/05/1929,MALE,REGULAR DRIVER,1999,CPG00000001339_1
CPG0000000134,1,12/07/1983,MALE,REGULAR DRIVER,2009,CPG0000000134_1
CPG00000001341,1,21/12/1941,FEMALE,REGULAR DRIVER,1960,CPG00000001341_1
CPG00000001353,1,16/03/1926,UNKNOWN,REGULAR DRIVER,1978,CPG00000001353_1
CPG00000001366,1,29/09/1978,FEMALE,REGULAR DRIVER,2005,CPG00000001366_1
CPG00000001369,1,6/05/1945,MALE,REGULAR DRIVER,1997,CPG00000001369_1
CPG00000001372,1,24/12/1945,MALE,REGULAR DRIVER,2000,CPG00000001372_1
CPG00000001373,1,9/02/1974,MALE,REGULAR DRIVER,1992,CPG00000001373_1
CPG0000000138,1,18/12/1966,MALE,REGULAR DRIVER,1993,CPG0000000138_1
CPG00000001383,1,4/04/1988,FEMALE,REGULAR DRIVER,2009,CPG00000001383_1
CPG00000001384,1,26/07/1925,FEMALE,REGULAR DRIVER,1982,CPG00000001384_1
CPG0000000139,1,6/01/1969,MALE,REGULAR DRIVER,2004,CPG0000000139_1
CPG00000001390,1,1/12/1989,UNKNOWN,REGULAR DRIVER,2008,CPG00000001390_1
CPG00000001397,1,16/03/1968,UNKNOWN,REGULAR DRIVER,2002,CPG00000001397_1
CPG00000001399,1,2/01/1965,FEMALE,REGULAR DRIVER,2004,CPG00000001399_1
CPG00000001400,1,15/08/1943,MALE,REGULAR DRIVER,1993,CPG00000001400_1
CPG00000001404,1,3/01/1977,UNKNOWN,REGULAR DRIVER,2001,CPG00000001404_1
CPG00000001405,1,24/01/1971,UNKNOWN,REGULAR DRIVER,1997,CPG00000001405_1
CPG00000001406,1,24/08/1960,MALE,REGULAR DRIVER,1997,CPG00000001406_1
CPG0000000141,1,26/02/1940,FEMALE,REGULAR DRIVER,2013,CPG0000000141_1
CPG00000001412,1,30/08/1972,FEMALE,REGULAR DRIVER,1997,CPG00000001412_1
CPG00000001419,1,4/07/1920,FEMALE,REGULAR DRIVER,1964,CPG00000001419_1
CPG00000001426,1,30/01/1977,MALE,REGULAR DRIVER,2009,CPG00000001426_1
CPG00000001436,1,24/03/1961,UNKNOWN,REGULAR DRIVER,1988,CPG00000001436_1
CPG00000001442,1,2/10/1934,FEMALE,REGULAR DRIVER,1979,CPG00000001442_1
CPG00000001443,1,8/08/1989,MALE,REGULAR DRIVER,2008,CPG00000001443_1
CPG00000001444,1,22/11/1928,MALE,REGULAR DRIVER,1974,CPG00000001444_1
CPG00000001447,1,22/11/1945,MALE,REGULAR DRIVER,1981,CPG00000001447_1
CPG00000001453,1,9/02/1991,FEMALE,REGULAR DRIVER,2012,CPG00000001453_1
CPG00000001459,1,2/03/1922,MALE,REGULAR DRIVER,2012,CPG00000001459_1
CPG00000001472,1,27/04/1988,FEMALE,REGULAR DRIVER,2012,CPG00000001472_1
CPG00000001491,1,11/07/1966,FEMALE,REGULAR DRIVER,1994,CPG00000001491_1
CPG00000001493,1,11/09/1987,UNKNOWN,REGULAR DRIVER,2012,CPG00000001493_1
CPG00000001509,1,22/05/1927,FEMALE,REGULAR DRIVER,1975,CPG00000001509_1
CPG00000001511,1,19/10/1967,FEMALE,REGULAR DRIVER,2000,CPG00000001511_1
CPG00000001516,1,22/04/1962,MALE,REGULAR DRIVER,1983,CPG00000001516_1
CPG0000000153,1,18/06/1951,MALE,REGULAR DRIVER,1987,CPG0000000153_1
CPG00000001547,1,18/05/1937,FEMALE,REGULAR DRIVER,2009,CPG00000001547_1
CPG00000001550,1,11/07/1967,MALE,REGULAR DRIVER,1989,CPG00000001550_1
CPG00000001560,1,21/08/1925,UNKNOWN,REGULAR DRIVER,1982,CPG00000001560_1
CPG00000001563,1,4/09/1936,FEMALE,REGULAR DRIVER,1985,CPG00000001563_1
CPG00000001564,1,15/07/1935,MALE,REGULAR DRIVER,1966,CPG00000001564_1
CPG00000001571,1,18/02/1934,UNKNOWN,REGULAR DRIVER,1963,CPG00000001571_1
CPG00000001574,1,28/03/1924,UNKNOWN,REGULAR DRIVER,1945,CPG00000001574_1
CPG00000001578,1,9/11/1921,MALE,REGULAR DRIVER,1998,CPG00000001578_1
CPG00000001579,1,20/10/1926,UNKNOWN,REGULAR DRIVER,1965,CPG00000001579_1
CPG00000001581,1,10/07/1946,UNKNOWN,REGULAR DRIVER,1972,CPG00000001581_1
CPG00000001593,1,19/09/1965,MALE,REGULAR DRIVER,1995,CPG00000001593_1
CPG00000001606,1,30/12/1970,FEMALE,REGULAR DRIVER,2012,CPG00000001606_1
CPG00000001609,1,9/06/1975,FEMALE,REGULAR DRIVER,2011,CPG00000001609_1
CPG00000001612,1,6/05/1945,FEMALE,REGULAR DRIVER,1967,CPG00000001612_1
CPG00000001613,1,17/02/1958,UNKNOWN,REGULAR DRIVER,2002,CPG00000001613_1
CPG00000001623,1,11/06/1921,UNKNOWN,REGULAR DRIVER,1988,CPG00000001623_1
CPG00000001624,1,18/11/1963,FEMALE,REGULAR DRIVER,2005,CPG00000001624_1
CPG00000001630,1,20/06/1973,UNKNOWN,REGULAR DRIVER,2004,CPG00000001630_1
CPG00000001637,1,2/04/1924,UNKNOWN,REGULAR DRIVER,1971,CPG00000001637_1
CPG00000001639,1,28/11/1991,FEMALE,REGULAR DRIVER,2009,CPG00000001639_1
CPG00000001640,1,9/06/1988,FEMALE,REGULAR DRIVER,2011,CPG00000001640_1
CPG00000001644,1,18/03/1955,FEMALE,REGULAR DRIVER,2012,CPG00000001644_1
CPG00000001645,1,6/10/1959,FEMALE,REGULAR DRIVER,1984,CPG00000001645_1
CPG00000001646,1,21/07/1987,FEMALE,REGULAR DRIVER,2008,CPG00000001646_1
CPG00000001652,1,8/01/1931,UNKNOWN,REGULAR DRIVER,1951,CPG00000001652_1
CPG00000001659,1,26/03/1987,UNKNOWN,REGULAR DRIVER,2007,CPG00000001659_1
CPG0000000166,1,24/08/1982,MALE,REGULAR DRIVER,2011,CPG0000000166_1
CPG00000001666,1,24/05/1952,FEMALE,REGULAR DRIVER,1973,CPG00000001666_1
CPG00000001676,1,5/04/1945,UNKNOWN,REGULAR DRIVER,1973,CPG00000001676_1
CPG00000001682,1,9/06/1955,MALE,REGULAR DRIVER,1999,CPG00000001682_1
CPG00000001683,1,25/11/1961,MALE,REGULAR DRIVER,1981,CPG00000001683_1
CPG00000001684,1,18/02/1986,MALE,REGULAR DRIVER,2012,CPG00000001684_1
CPG00000001687,1,20/07/1925,MALE,REGULAR DRIVER,2001,CPG00000001687_1
CPG0000000169,1,3/07/1927,MALE,REGULAR DRIVER,1967,CPG0000000169_1
CPG00000001693,1,13/06/1981,UNKNOWN,REGULAR DRIVER,2010,CPG00000001693_1
CPG00000001699,1,29/04/1956,FEMALE,REGULAR DRIVER,1997,CPG00000001699_1
CPG00000001712,1,24/10/1987,FEMALE,REGULAR DRIVER,2012,CPG00000001712_1
CPG0000000172,1,20/11/1979,FEMALE,REGULAR DRIVER,2002,CPG0000000172_1
CPG0000000173,1,20/07/1926,UNKNOWN,REGULAR DRIVER,1996,CPG0000000173_1
CPG00000001731,1,17/04/1933,UNKNOWN,REGULAR DRIVER,1971,CPG00000001731_1
CPG00000001733,1,24/06/1977,UNKNOWN,REGULAR DRIVER,2012,CPG00000001733_1
CPG00000001749,1,18/04/1977,UNKNOWN,REGULAR DRIVER,2004,CPG00000001749_1
CPG00000001751,1,11/08/1957,UNKNOWN,REGULAR DRIVER,2012,CPG00000001751_1
CPG00000001756,1,2/06/1986,FEMALE,REGULAR DRIVER,2004,CPG00000001756_1
CPG00000001787,1,26/01/1955,UNKNOWN,REGULAR DRIVER,1991,CPG00000001787_1
CPG00000001790,1,17/05/1946,FEMALE,REGULAR DRIVER,1971,CPG00000001790_1
CPG00000001800,1,6/08/1958,MALE,REGULAR DRIVER,2008,CPG00000001800_1
CPG00000001803,1,7/12/1950,MALE,REGULAR DRIVER,1992,CPG00000001803_1
CPG00000001804,1,2/05/1921,UNKNOWN,REGULAR DRIVER,1954,CPG00000001804_1
CPG00000001811,1,13/10/1957,UNKNOWN,REGULAR DRIVER,2011,CPG00000001811_1
CPG00000001814,1,5/02/1949,UNKNOWN,REGULAR DRIVER,1973,CPG00000001814_1
CPG00000001818,1,7/08/1982,UNKNOWN,REGULAR DRIVER,2000,CPG00000001818_1
CPG00000001819,1,10/08/1928,MALE,REGULAR DRIVER,1975,CPG00000001819_1
CPG00000001821,1,10/05/1957,FEMALE,REGULAR DRIVER,1998,CPG00000001821_1
CPG0000000183,1,6/03/1971,UNKNOWN,REGULAR DRIVER,2012,CPG0000000183_1
CPG00000001833,1,30/01/1958,UNKNOWN,REGULAR DRIVER,1995,CPG00000001833_1
CPG0000000184,1,11/07/1940,FEMALE,REGULAR DRIVER,1993,CPG0000000184_1
CPG00000001846,1,16/03/1943,MALE,REGULAR DRIVER,1961,CPG00000001846_1
CPG00000001849,1,28/05/1970,FEMALE,REGULAR DRIVER,2004,CPG00000001849_1
CPG00000001852,1,26/07/1944,UNKNOWN,REGULAR DRIVER,1999,CPG00000001852_1
CPG00000001853,1,26/05/1951,FEMALE,REGULAR DRIVER,2001,CPG00000001853_1
CPG00000001863,1,2/12/1927,FEMALE,REGULAR DRIVER,1955,CPG00000001863_1
CPG00000001864,1,3/03/1956,MALE,REGULAR DRIVER,2007,CPG00000001864_1
CPG00000001870,1,7/11/1980,MALE,REGULAR DRIVER,1998,CPG00000001870_1
CPG00000001877,1,4/10/1936,UNKNOWN,REGULAR DRIVER,1988,CPG00000001877_1
CPG00000001879,1,12/03/1941,MALE,REGULAR DRIVER,1966,CPG00000001879_1
CPG00000001880,1,2/08/1966,FEMALE,REGULAR DRIVER,2011,CPG00000001880_1
CPG00000001884,1,20/03/1967,FEMALE,REGULAR DRIVER,2009,CPG00000001884_1
CPG00000001885,1,1/06/1976,UNKNOWN,REGULAR DRIVER,1995,CPG00000001885_1
CPG00000001886,1,15/01/1959,FEMALE,REGULAR DRIVER,1986,CPG00000001886_1
CPG00000001892,1,28/12/1955,MALE,REGULAR DRIVER,1984,CPG00000001892_1
CPG00000001899,1,17/05/1983,FEMALE,REGULAR DRIVER,2002,CPG00000001899_1
CPG000000019,1,17/12/1988,MALE,REGULAR DRIVER,2013,CPG000000019_1
CPG0000000190,1,11/12/1964,FEMALE,REGULAR DRIVER,2006,CPG0000000190_1
CPG00000001906,1,30/04/1991,FEMALE,REGULAR DRIVER,2011,CPG00000001906_1
CPG00000001916,1,19/06/1972,FEMALE,REGULAR DRIVER,2000,CPG00000001916_1
CPG00000001922,1,7/08/1968,FEMALE,REGULAR DRIVER,1995,CPG00000001922_1
CPG00000001923,1,16/12/1985,UNKNOWN,REGULAR DRIVER,2011,CPG00000001923_1
CPG00000001924,1,10/03/1953,UNKNOWN,REGULAR DRIVER,2011,CPG00000001924_1
CPG00000001927,1,28/11/1952,FEMALE,REGULAR DRIVER,2007,CPG00000001927_1
CPG00000001933,1,17/02/1952,MALE,REGULAR DRIVER,2009,CPG00000001933_1
CPG00000001939,1,25/08/1940,FEMALE,REGULAR DRIVER,1983,CPG00000001939_1
CPG00000001952,1,29/09/1973,MALE,REGULAR DRIVER,2010,CPG00000001952_1
CPG0000000197,1,13/01/1930,UNKNOWN,REGULAR DRIVER,1994,CPG0000000197_1
CPG00000001971,1,12/07/1949,FEMALE,REGULAR DRIVER,1976,CPG00000001971_1
CPG00000001973,1,30/09/1940,UNKNOWN,REGULAR DRIVER,1965,CPG00000001973_1
CPG00000001989,1,6/06/1935,FEMALE,REGULAR DRIVER,2011,CPG00000001989_1
CPG0000000199,1,5/10/1990,UNKNOWN,REGULAR DRIVER,2010,CPG0000000199_1
CPG00000001991,1,3/03/1961,FEMALE,REGULAR DRIVER,1995,CPG00000001991_1
CPG00000001996,1,30/12/1928,MALE,REGULAR DRIVER,1966,CPG00000001996_1
CPG00000002,1,30/09/1929,FEMALE,REGULAR DRIVER,1954,CPG00000002_1
CPG00000002,2,30/09/1954,MALE,REGULAR DRIVER,1979,CPG00000002_2
CPG0000000200,1,17/09/1991,UNKNOWN,REGULAR DRIVER,2013,CPG0000000200_1
CPG00000002027,1,14/03/1955,MALE,REGULAR DRIVER,1974,CPG00000002027_1
CPG00000002030,1,26/05/1921,UNKNOWN,REGULAR DRIVER,1977,CPG00000002030_1
CPG0000000204,1,2/03/1967,MALE,REGULAR DRIVER,1987,CPG0000000204_1
CPG00000002040,1,18/01/1932,UNKNOWN,REGULAR DRIVER,1995,CPG00000002040_1
CPG00000002043,1,14/02/1968,UNKNOWN,REGULAR DRIVER,1991,CPG00000002043_1
CPG00000002044,1,13/05/1981,FEMALE,REGULAR DRIVER,2006,CPG00000002044_1
CPG0000000205,1,26/02/1961,FEMALE,REGULAR DRIVER,1982,CPG0000000205_1
CPG00000002051,1,16/01/1974,FEMALE,REGULAR DRIVER,2007,CPG00000002051_1
CPG00000002054,1,3/07/1934,FEMALE,REGULAR DRIVER,1966,CPG00000002054_1
CPG00000002058,1,3/04/1954,FEMALE,REGULAR DRIVER,1998,CPG00000002058_1
CPG00000002059,1,22/04/1970,MALE,REGULAR DRIVER,2003,CPG00000002059_1
CPG0000000206,1,25/12/1957,MALE,REGULAR DRIVER,2011,CPG0000000206_1
CPG00000002061,1,18/11/1958,FEMALE,REGULAR DRIVER,1986,CPG00000002061_1
CPG00000002073,1,9/12/1982,MALE,REGULAR DRIVER,2001,CPG00000002073_1
CPG00000002086,1,11/03/1981,FEMALE,REGULAR DRIVER,2006,CPG00000002086_1
CPG00000002089,1,6/01/1942,FEMALE,REGULAR DRIVER,1994,CPG00000002089_1
CPG00000002092,1,5/06/1923,FEMALE,REGULAR DRIVER,1968,CPG00000002092_1
CPG00000002093,1,12/01/1954,MALE,REGULAR DRIVER,2002,CPG00000002093_1
CPG00000002103,1,26/08/1976,FEMALE,REGULAR DRIVER,2010,CPG00000002103_1
CPG00000002104,1,4/11/1985,FEMALE,REGULAR DRIVER,2004,CPG00000002104_1
CPG00000002110,1,28/11/1964,FEMALE,REGULAR DRIVER,2002,CPG00000002110_1
CPG00000002117,1,6/05/1977,MALE,REGULAR DRIVER,2008,CPG00000002117_1
CPG00000002119,1,12/04/1938,FEMALE,REGULAR DRIVER,2011,CPG00000002119_1
CPG0000000212,1,14/07/1929,UNKNOWN,REGULAR DRIVER,1979,CPG0000000212_1
CPG00000002120,1,14/05/1963,FEMALE,REGULAR DRIVER,2005,CPG00000002120_1
CPG00000002124,1,16/10/1944,UNKNOWN,REGULAR DRIVER,1965,CPG00000002124_1
CPG00000002125,1,2/06/1988,FEMALE,REGULAR DRIVER,2010,CPG00000002125_1
CPG00000002126,1,17/12/1950,FEMALE,REGULAR DRIVER,1990,CPG00000002126_1
CPG00000002132,1,11/06/1967,MALE,REGULAR DRIVER,2003,CPG00000002132_1
CPG00000002139,1,2/01/1975,FEMALE,REGULAR DRIVER,1997,CPG00000002139_1
CPG00000002146,1,27/06/1942,FEMALE,REGULAR DRIVER,2010,CPG00000002146_1
CPG00000002156,1,13/09/1955,FEMALE,REGULAR DRIVER,1973,CPG00000002156_1
CPG00000002162,1,12/11/1942,MALE,REGULAR DRIVER,1977,CPG00000002162_1
CPG00000002163,1,18/08/1928,FEMALE,REGULAR DRIVER,1988,CPG00000002163_1
CPG00000002164,1,23/12/1940,MALE,REGULAR DRIVER,1988,CPG00000002164_1
CPG00000002167,1,21/05/1930,UNKNOWN,REGULAR DRIVER,1958,CPG00000002167_1
CPG00000002173,1,4/12/1982,MALE,REGULAR DRIVER,2008,CPG00000002173_1
CPG00000002179,1,6/10/1987,UNKNOWN,REGULAR DRIVER,2008,CPG00000002179_1
CPG0000000219,1,3/11/1991,FEMALE,REGULAR DRIVER,2010,CPG0000000219_1
CPG00000002192,1,5/03/1982,MALE,REGULAR DRIVER,2004,CPG00000002192_1
CPG00000002211,1,23/03/1987,MALE,REGULAR DRIVER,2007,CPG00000002211_1
CPG00000002213,1,24/10/1990,UNKNOWN,REGULAR DRIVER,2008,CPG00000002213_1
CPG00000002229,1,6/09/1956,FEMALE,REGULAR DRIVER,1994,CPG00000002229_1
CPG00000002231,1,2/07/1945,FEMALE,REGULAR DRIVER,1998,CPG00000002231_1
CPG00000002236,1,9/09/1928,FEMALE,REGULAR DRIVER,2003,CPG00000002236_1
CPG0000000226,1,28/05/1958,FEMALE,REGULAR DRIVER,1993,CPG0000000226_1
CPG00000002267,1,2/07/1943,FEMALE,REGULAR DRIVER,1962,CPG00000002267_1
CPG00000002270,1,21/09/1931,FEMALE,REGULAR DRIVER,2002,CPG00000002270_1
CPG00000002280,1,1/08/1922,UNKNOWN,REGULAR DRIVER,2012,CPG00000002280_1
CPG00000002283,1,8/06/1965,MALE,REGULAR DRIVER,2005,CPG00000002283_1
CPG00000002284,1,20/05/1927,FEMALE,REGULAR DRIVER,2007,CPG00000002284_1
CPG00000002291,1,16/04/1928,FEMALE,REGULAR DRIVER,1982,CPG00000002291_1
CPG00000002294,1,9/01/1949,UNKNOWN,REGULAR DRIVER,1981,CPG00000002294_1
CPG00000002298,1,23/03/1959,FEMALE,REGULAR DRIVER,1998,CPG00000002298_1
CPG00000002299,1,25/03/1935,UNKNOWN,REGULAR DRIVER,1967,CPG00000002299_1
CPG00000002301,1,13/10/1935,FEMALE,REGULAR DRIVER,1955,CPG00000002301_1
CPG00000002313,1,25/05/1959,MALE,REGULAR DRIVER,1982,CPG00000002313_1
CPG00000002326,1,23/05/1956,MALE,REGULAR DRIVER,2004,CPG00000002326_1
CPG00000002329,1,22/07/1957,MALE,REGULAR DRIVER,2011,CPG00000002329_1
CPG00000002332,1,9/01/1921,FEMALE,REGULAR DRIVER,1951,CPG00000002332_1
CPG00000002333,1,4/07/1955,UNKNOWN,REGULAR DRIVER,1989,CPG00000002333_1
CPG00000002343,1,24/08/1981,UNKNOWN,REGULAR DRIVER,2009,CPG00000002343_1
CPG00000002344,1,30/08/1956,UNKNOWN,REGULAR DRIVER,1977,CPG00000002344_1
CPG00000002350,1,14/04/1981,UNKNOWN,REGULAR DRIVER,2001,CPG00000002350_1
CPG00000002357,1,21/01/1963,MALE,REGULAR DRIVER,1998,CPG00000002357_1
CPG00000002359,1,29/10/1984,MALE,REGULAR DRIVER,2012,CPG00000002359_1
CPG0000000236,1,5/08/1972,FEMALE,REGULAR DRIVER,1991,CPG0000000236_1
CPG00000002360,1,1/04/1962,FEMALE,REGULAR DRIVER,1998,CPG00000002360_1
CPG00000002364,1,10/09/1980,MALE,REGULAR DRIVER,2004,CPG00000002364_1
CPG00000002365,1,2/05/1929,FEMALE,REGULAR DRIVER,1980,CPG00000002365_1
CPG00000002366,1,25/09/1939,UNKNOWN,REGULAR DRIVER,1996,CPG00000002366_1
CPG00000002372,1,27/05/1952,UNKNOWN,REGULAR DRIVER,2008,CPG00000002372_1
CPG00000002379,1,17/05/1967,FEMALE,REGULAR DRIVER,2005,CPG00000002379_1
CPG00000002386,1,10/06/1978,UNKNOWN,REGULAR DRIVER,2005,CPG00000002386_1
CPG00000002396,1,10/05/1971,UNKNOWN,REGULAR DRIVER,1990,CPG00000002396_1
CPG00000002402,1,1/11/1927,UNKNOWN,REGULAR DRIVER,1993,CPG00000002402_1
CPG00000002403,1,24/01/1933,MALE,REGULAR DRIVER,1984,CPG00000002403_1
CPG00000002404,1,4/11/1942,MALE,REGULAR DRIVER,1994,CPG00000002404_1
CPG00000002407,1,20/06/1981,MALE,REGULAR DRIVER,2005,CPG00000002407_1
CPG00000002413,1,3/11/1924,MALE,REGULAR DRIVER,1998,CPG00000002413_1
CPG00000002419,1,4/08/1989,FEMALE,REGULAR DRIVER,2010,CPG00000002419_1
CPG0000000242,1,16/09/1988,MALE,REGULAR DRIVER,2011,CPG0000000242_1
CPG0000000243,1,30/11/1939,MALE,REGULAR DRIVER,1977,CPG0000000243_1
CPG00000002432,1,3/06/1964,MALE,REGULAR DRIVER,1983,CPG00000002432_1
CPG0000000244,1,3/09/1977,UNKNOWN,REGULAR DRIVER,1999,CPG0000000244_1
CPG00000002451,1,3/09/1970,FEMALE,REGULAR DRIVER,2000,CPG00000002451_1
CPG00000002453,1,11/11/1947,MALE,REGULAR DRIVER,1980,CPG00000002453_1
CPG00000002469,1,22/05/1954,FEMALE,REGULAR DRIVER,1987,CPG00000002469_1
CPG0000000247,1,5/04/1977,UNKNOWN,REGULAR DRIVER,2005,CPG0000000247_1
CPG00000002471,1,26/01/1965,MALE,REGULAR DRIVER,2007,CPG00000002471_1
CPG00000002476,1,16/11/1937,MALE,REGULAR DRIVER,2009,CPG00000002476_1
CPG00000002507,1,21/08/1969,FEMALE,REGULAR DRIVER,1988,CPG00000002507_1
CPG00000002510,1,5/08/1921,FEMALE,REGULAR DRIVER,1982,CPG00000002510_1
CPG00000002520,1,6/08/1952,UNKNOWN,REGULAR DRIVER,2005,CPG00000002520_1
CPG00000002523,1,21/08/1990,UNKNOWN,REGULAR DRIVER,2008,CPG00000002523_1
CPG00000002524,1,19/08/1957,MALE,REGULAR DRIVER,2005,CPG00000002524_1
CPG0000000253,1,2/03/1926,FEMALE,REGULAR DRIVER,2002,CPG0000000253_1
CPG00000002531,1,20/01/1926,MALE,REGULAR DRIVER,1999,CPG00000002531_1
CPG00000002534,1,28/06/1941,UNKNOWN,REGULAR DRIVER,1983,CPG00000002534_1
CPG00000002538,1,16/01/1978,MALE,REGULAR DRIVER,2006,CPG00000002538_1
CPG00000002539,1,10/08/1973,UNKNOWN,REGULAR DRIVER,2012,CPG00000002539_1
CPG00000002541,1,20/08/1958,MALE,REGULAR DRIVER,1997,CPG00000002541_1
CPG00000002553,1,2/10/1958,FEMALE,REGULAR DRIVER,1980,CPG00000002553_1
CPG00000002566,1,22/07/1973,MALE,REGULAR DRIVER,2009,CPG00000002566_1
CPG00000002569,1,25/04/1986,FEMALE,REGULAR DRIVER,2005,CPG00000002569_1
CPG00000002572,1,6/11/1976,MALE,REGULAR DRIVER,2000,CPG00000002572_1
CPG00000002573,1,3/06/1925,UNKNOWN,REGULAR DRIVER,1966,CPG00000002573_1
CPG00000002583,1,26/11/1977,MALE,REGULAR DRIVER,2007,CPG00000002583_1
CPG00000002584,1,1/03/1954,FEMALE,REGULAR DRIVER,1978,CPG00000002584_1
CPG0000000259,1,7/06/1960,MALE,REGULAR DRIVER,1985,CPG0000000259_1
CPG00000002590,1,10/05/1937,FEMALE,REGULAR DRIVER,1965,CPG00000002590_1
CPG00000002597,1,18/07/1975,MALE,REGULAR DRIVER,2005,CPG00000002597_1
CPG00000002599,1,4/06/1926,MALE,REGULAR DRIVER,1995,CPG00000002599_1
CPG00000002600,1,1/11/1920,MALE,REGULAR DRIVER,1957,CPG00000002600_1
CPG00000002604,1,29/11/1973,MALE,REGULAR DRIVER,1998,CPG00000002604_1
CPG00000002605,1,5/04/1983,UNKNOWN,REGULAR DRIVER,2004,CPG00000002605_1
CPG00000002606,1,17/06/1947,UNKNOWN,REGULAR DRIVER,1984,CPG00000002606_1
CPG00000002612,1,18/02/1921,UNKNOWN,REGULAR DRIVER,1998,CPG00000002612_1
CPG00000002619,1,20/07/1927,UNKNOWN,REGULAR DRIVER,2008,CPG00000002619_1
CPG00000002626,1,24/06/1962,FEMALE,REGULAR DRIVER,1996,CPG00000002626_1
CPG00000002636,1,2/03/1946,UNKNOWN,REGULAR DRIVER,1986,CPG00000002636_1
CPG00000002642,1,6/04/1988,UNKNOWN,REGULAR DRIVER,2009,CPG00000002642_1
CPG00000002643,1,16/09/1941,FEMALE,REGULAR DRIVER,2013,CPG00000002643_1
CPG00000002644,1,26/03/1980,FEMALE,REGULAR DRIVER,2001,CPG00000002644_1
CPG00000002647,1,29/05/1955,FEMALE,REGULAR DRIVER,2001,CPG00000002647_1
CPG00000002653,1,29/06/1991,MALE,REGULAR DRIVER,2009,CPG00000002653_1
CPG00000002659,1,16/01/1971,FEMALE,REGULAR DRIVER,2008,CPG00000002659_1
CPG00000002672,1,16/04/1965,FEMALE,REGULAR DRIVER,1986,CPG00000002672_1
CPG00000002691,1,7/10/1920,FEMALE,REGULAR DRIVER,1950,CPG00000002691_1
CPG00000002693,1,8/02/1926,UNKNOWN,REGULAR DRIVER,1994,CPG00000002693_1
CPG00000002709,1,16/09/1937,MALE,REGULAR DRIVER,2010,CPG00000002709_1
CPG00000002711,1,7/08/1991,MALE,REGULAR DRIVER,2013,CPG00000002711_1
CPG00000002716,1,13/03/1949,FEMALE,REGULAR DRIVER,1997,CPG00000002716_1
CPG0000000272,1,23/07/1925,MALE,REGULAR DRIVER,1978,CPG0000000272_1
CPG00000002747,1,29/12/1990,UNKNOWN,REGULAR DRIVER,2012,CPG00000002747_1
CPG00000002750,1,14/05/1987,FEMALE,REGULAR DRIVER,2006,CPG00000002750_1
CPG00000002760,1,15/05/1972,FEMALE,REGULAR DRIVER,2008,CPG00000002760_1
CPG00000002763,1,30/06/1922,FEMALE,REGULAR DRIVER,1999,CPG00000002763_1
CPG00000002764,1,7/06/1943,MALE,REGULAR DRIVER,1999,CPG00000002764_1
CPG00000002771,1,15/02/1956,MALE,REGULAR DRIVER,1982,CPG00000002771_1
CPG00000002774,1,19/05/1961,FEMALE,REGULAR DRIVER,1983,CPG00000002774_1
CPG00000002778,1,29/05/1941,FEMALE,REGULAR DRIVER,1986,CPG00000002778_1
CPG00000002779,1,28/11/1928,UNKNOWN,REGULAR DRIVER,2005,CPG00000002779_1
CPG00000002781,1,2/01/1945,FEMALE,REGULAR DRIVER,1983,CPG00000002781_1
CPG00000002793,1,18/11/1924,UNKNOWN,REGULAR DRIVER,2002,CPG00000002793_1
CPG00000002806,1,5/11/1931,FEMALE,REGULAR DRIVER,1995,CPG00000002806_1
CPG00000002809,1,11/09/1967,FEMALE,REGULAR DRIVER,1997,CPG00000002809_1
CPG00000002812,1,30/03/1946,FEMALE,REGULAR DRIVER,2013,CPG00000002812_1
CPG00000002813,1,26/11/1984,UNKNOWN,REGULAR DRIVER,2011,CPG00000002813_1
CPG00000002823,1,18/12/1963,MALE,REGULAR DRIVER,2007,CPG00000002823_1
CPG00000002824,1,21/12/1930,UNKNOWN,REGULAR DRIVER,1987,CPG00000002824_1
CPG00000002830,1,18/06/1978,MALE,REGULAR DRIVER,2008,CPG00000002830_1
CPG00000002837,1,18/03/1977,FEMALE,REGULAR DRIVER,2011,CPG00000002837_1
CPG00000002839,1,11/02/1950,FEMALE,REGULAR DRIVER,1991,CPG00000002839_1
CPG00000002840,1,3/10/1924,UNKNOWN,REGULAR DRIVER,2001,CPG00000002840_1
CPG00000002844,1,18/12/1953,FEMALE,REGULAR DRIVER,1981,CPG00000002844_1
CPG00000002845,1,17/07/1943,MALE,REGULAR DRIVER,1981,CPG00000002845_1
CPG00000002846,1,4/02/1948,UNKNOWN,REGULAR DRIVER,1971,CPG00000002846_1
CPG00000002852,1,24/04/1934,UNKNOWN,REGULAR DRIVER,2002,CPG00000002852_1
CPG00000002859,1,10/03/1967,FEMALE,REGULAR DRIVER,1992,CPG00000002859_1
CPG00000002866,1,10/07/1965,FEMALE,REGULAR DRIVER,2009,CPG00000002866_1
CPG00000002876,1,7/10/1940,UNKNOWN,REGULAR DRIVER,2005,CPG00000002876_1
CPG00000002882,1,21/09/1945,FEMALE,REGULAR DRIVER,1992,CPG00000002882_1
CPG00000002883,1,19/03/1973,UNKNOWN,REGULAR DRIVER,1993,CPG00000002883_1
CPG00000002884,1,14/04/1936,FEMALE,REGULAR DRIVER,1994,CPG00000002884_1
CPG00000002887,1,3/04/1948,UNKNOWN,REGULAR DRIVER,1981,CPG00000002887_1
CPG00000002893,1,7/02/1929,MALE,REGULAR DRIVER,2004,CPG00000002893_1
CPG00000002899,1,4/06/1943,UNKNOWN,REGULAR DRIVER,1976,CPG00000002899_1
CPG0000000291,1,17/05/1980,MALE,REGULAR DRIVER,2000,CPG0000000291_1
CPG00000002912,1,21/06/1990,MALE,REGULAR DRIVER,2012,CPG00000002912_1
CPG0000000293,1,21/04/1981,MALE,REGULAR DRIVER,2008,CPG0000000293_1
CPG00000002931,1,21/06/1947,UNKNOWN,REGULAR DRIVER,1977,CPG00000002931_1
CPG00000002933,1,27/05/1939,UNKNOWN,REGULAR DRIVER,1983,CPG00000002933_1
CPG00000002949,1,23/12/1970,FEMALE,REGULAR DRIVER,2004,CPG00000002949_1
CPG00000002951,1,14/08/1980,FEMALE,REGULAR DRIVER,2005,CPG00000002951_1
CPG00000002956,1,2/01/1933,UNKNOWN,REGULAR DRIVER,1986,CPG00000002956_1
CPG00000002987,1,24/01/1972,FEMALE,REGULAR DRIVER,2009,CPG00000002987_1
CPG00000002990,1,8/12/1950,FEMALE,REGULAR DRIVER,2010,CPG00000002990_1
CPG00000003,1,30/01/1989,FEMALE,REGULAR DRIVER,2009,CPG00000003_1
CPG00000003000,1,2/10/1949,UNKNOWN,REGULAR DRIVER,1976,CPG00000003000_1
CPG00000003003,1,15/12/1927,MALE,REGULAR DRIVER,1947,CPG00000003003_1
CPG00000003004,1,13/07/1951,MALE,REGULAR DRIVER,1970,CPG00000003004_1
CPG00000003011,1,17/06/1986,UNKNOWN,REGULAR DRIVER,2011,CPG00000003011_1
CPG00000003014,1,4/04/1928,MALE,REGULAR DRIVER,2002,CPG00000003014_1
CPG00000003018,1,17/02/1921,MALE,REGULAR DRIVER,1979,CPG00000003018_1
CPG00000003019,1,12/02/1978,FEMALE,REGULAR DRIVER,2001,CPG00000003019_1
CPG00000003021,1,29/09/1950,MALE,REGULAR DRIVER,1993,CPG00000003021_1
CPG00000003033,1,25/08/1963,FEMALE,REGULAR DRIVER,1993,CPG00000003033_1
CPG00000003046,1,3/06/1967,UNKNOWN,REGULAR DRIVER,2006,CPG00000003046_1
CPG00000003049,1,28/06/1932,UNKNOWN,REGULAR DRIVER,1963,CPG00000003049_1
CPG00000003052,1,2/11/1930,MALE,REGULAR DRIVER,1960,CPG00000003052_1
CPG00000003053,1,1/08/1932,MALE,REGULAR DRIVER,1962,CPG00000003053_1
CPG00000003063,1,16/09/1958,UNKNOWN,REGULAR DRIVER,1998,CPG00000003063_1
CPG00000003064,1,25/06/1931,UNKNOWN,REGULAR DRIVER,1981,CPG00000003064_1
CPG00000003070,1,29/03/1936,FEMALE,REGULAR DRIVER,1967,CPG00000003070_1
CPG00000003077,1,8/09/1981,FEMALE,REGULAR DRIVER,2001,CPG00000003077_1
CPG00000003079,1,21/11/1952,UNKNOWN,REGULAR DRIVER,1991,CPG00000003079_1
CPG00000003080,1,9/01/1952,MALE,REGULAR DRIVER,1990,CPG00000003080_1
CPG00000003084,1,16/04/1927,FEMALE,REGULAR DRIVER,1978,CPG00000003084_1
CPG00000003085,1,28/06/1979,FEMALE,REGULAR DRIVER,2005,CPG00000003085_1
CPG00000003086,1,2/01/1969,MALE,REGULAR DRIVER,1998,CPG00000003086_1
CPG0000000309,1,20/04/1951,FEMALE,REGULAR DRIVER,2010,CPG0000000309_1
CPG00000003092,1,4/06/1975,UNKNOWN,REGULAR DRIVER,2007,CPG00000003092_1
CPG00000003099,1,29/09/1969,UNKNOWN,REGULAR DRIVER,1992,CPG00000003099_1
CPG00000003106,1,29/09/1922,MALE,REGULAR DRIVER,1993,CPG00000003106_1
CPG0000000311,1,26/01/1988,FEMALE,REGULAR DRIVER,2012,CPG0000000311_1
CPG00000003116,1,16/12/1956,UNKNOWN,REGULAR DRIVER,2004,CPG00000003116_1
CPG00000003122,1,14/07/1978,MALE,REGULAR DRIVER,2010,CPG00000003122_1
CPG00000003123,1,15/10/1923,FEMALE,REGULAR DRIVER,1950,CPG00000003123_1
CPG00000003124,1,29/07/1978,FEMALE,REGULAR DRIVER,2000,CPG00000003124_1
CPG00000003127,1,12/05/1949,FEMALE,REGULAR DRIVER,2004,CPG00000003127_1
CPG00000003133,1,16/01/1950,MALE,REGULAR DRIVER,1982,CPG00000003133_1
CPG00000003139,1,30/01/1981,UNKNOWN,REGULAR DRIVER,2006,CPG00000003139_1
CPG00000003152,1,19/05/1922,MALE,REGULAR DRIVER,1969,CPG00000003152_1
CPG0000000316,1,4/09/1973,MALE,REGULAR DRIVER,2004,CPG0000000316_1
CPG00000003171,1,22/10/1969,MALE,REGULAR DRIVER,1997,CPG00000003171_1
CPG00000003173,1,12/01/1990,UNKNOWN,REGULAR DRIVER,2009,CPG00000003173_1
CPG00000003189,1,8/04/1974,MALE,REGULAR DRIVER,2012,CPG00000003189_1
CPG00000003191,1,22/01/1938,MALE,REGULAR DRIVER,1994,CPG00000003191_1
CPG00000003196,1,22/03/1984,UNKNOWN,REGULAR DRIVER,2004,CPG00000003196_1
CPG000000032,1,4/03/1977,MALE,REGULAR DRIVER,1999,CPG000000032_1
CPG00000003227,1,19/07/1978,FEMALE,REGULAR DRIVER,2007,CPG00000003227_1
CPG00000003230,1,7/10/1962,UNKNOWN,REGULAR DRIVER,1982,CPG00000003230_1
CPG00000003240,1,14/04/1966,MALE,REGULAR DRIVER,1986,CPG00000003240_1
CPG00000003243,1,16/07/1965,FEMALE,REGULAR DRIVER,2007,CPG00000003243_1
CPG00000003244,1,4/07/1962,UNKNOWN,REGULAR DRIVER,1999,CPG00000003244_1
CPG00000003251,1,21/10/1981,UNKNOWN,REGULAR DRIVER,2000,CPG00000003251_1
CPG00000003254,1,19/11/1923,FEMALE,REGULAR DRIVER,1971,CPG00000003254_1
CPG00000003258,1,26/01/1971,FEMALE,REGULAR DRIVER,2009,CPG00000003258_1
CPG00000003259,1,17/05/1955,MALE,REGULAR DRIVER,1979,CPG00000003259_1
CPG00000003261,1,9/01/1981,MALE,REGULAR DRIVER,2012,CPG00000003261_1
CPG00000003273,1,1/11/1968,FEMALE,REGULAR DRIVER,2010,CPG00000003273_1
CPG00000003286,1,24/08/1947,FEMALE,REGULAR DRIVER,1978,CPG00000003286_1
CPG00000003289,1,3/11/1984,MALE,REGULAR DRIVER,2008,CPG00000003289_1
CPG00000003292,1,14/08/1979,FEMALE,REGULAR DRIVER,2006,CPG00000003292_1
CPG00000003293,1,21/05/1989,UNKNOWN,REGULAR DRIVER,2007,CPG00000003293_1
CPG00000003303,1,20/04/1984,MALE,REGULAR DRIVER,2003,CPG00000003303_1
CPG00000003304,1,12/02/1938,FEMALE,REGULAR DRIVER,1971,CPG00000003304_1
CPG00000003310,1,30/09/1945,FEMALE,REGULAR DRIVER,1977,CPG00000003310_1
CPG00000003317,1,10/04/1986,UNKNOWN,REGULAR DRIVER,2008,CPG00000003317_1
CPG00000003319,1,1/10/1970,FEMALE,REGULAR DRIVER,1993,CPG00000003319_1
CPG00000003320,1,19/04/1983,UNKNOWN,REGULAR DRIVER,2012,CPG00000003320_1
CPG00000003324,1,8/05/1974,FEMALE,REGULAR DRIVER,1994,CPG00000003324_1
CPG00000003325,1,20/07/1980,UNKNOWN,REGULAR DRIVER,2003,CPG00000003325_1
CPG00000003326,1,20/02/1986,MALE,REGULAR DRIVER,2013,CPG00000003326_1
CPG00000003332,1,14/12/1984,FEMALE,REGULAR DRIVER,2012,CPG00000003332_1
CPG00000003339,1,5/08/1983,FEMALE,REGULAR DRIVER,2008,CPG00000003339_1
CPG00000003346,1,21/12/1960,UNKNOWN,REGULAR DRIVER,1985,CPG00000003346_1
CPG00000003356,1,9/05/1962,FEMALE,REGULAR DRIVER,1997,CPG00000003356_1
CPG00000003362,1,15/07/1920,MALE,REGULAR DRIVER,1946,CPG00000003362_1
CPG00000003363,1,26/09/1927,MALE,REGULAR DRIVER,1946,CPG00000003363_1
CPG00000003364,1,27/05/1927,MALE,REGULAR DRIVER,2010,CPG00000003364_1
CPG00000003367,1,12/11/1968,UNKNOWN,REGULAR DRIVER,1996,CPG00000003367_1
CPG00000003373,1,21/05/1933,UNKNOWN,REGULAR DRIVER,2003,CPG00000003373_1
CPG00000003379,1,18/11/1934,UNKNOWN,REGULAR DRIVER,1974,CPG00000003379_1
CPG00000003392,1,28/10/1983,MALE,REGULAR DRIVER,2003,CPG00000003392_1
CPG00000003411,1,26/05/1939,MALE,REGULAR DRIVER,1969,CPG00000003411_1
CPG00000003413,1,18/03/1926,MALE,REGULAR DRIVER,1974,CPG00000003413_1
CPG00000003429,1,14/11/1948,FEMALE,REGULAR DRIVER,1976,CPG00000003429_1
CPG00000003431,1,12/09/1927,UNKNOWN,REGULAR DRIVER,1984,CPG00000003431_1
CPG00000003436,1,30/03/1971,FEMALE,REGULAR DRIVER,2001,CPG00000003436_1
CPG00000003467,1,25/05/1957,UNKNOWN,REGULAR DRIVER,1975,CPG00000003467_1
CPG0000000347,1,7/06/1949,UNKNOWN,REGULAR DRIVER,2012,CPG0000000347_1
CPG00000003470,1,29/05/1935,FEMALE,REGULAR DRIVER,1984,CPG00000003470_1
CPG00000003480,1,4/01/1934,FEMALE,REGULAR DRIVER,1985,CPG00000003480_1
CPG00000003483,1,20/10/1943,MALE,REGULAR DRIVER,1962,CPG00000003483_1
CPG00000003484,1,11/10/1978,MALE,REGULAR DRIVER,2002,CPG00000003484_1
CPG00000003491,1,9/08/1944,MALE,REGULAR DRIVER,1992,CPG00000003491_1
CPG00000003494,1,30/09/1989,MALE,REGULAR DRIVER,2010,CPG00000003494_1
CPG00000003498,1,19/04/1982,UNKNOWN,REGULAR DRIVER,2001,CPG00000003498_1
CPG00000003499,1,11/05/1968,UNKNOWN,REGULAR DRIVER,1999,CPG00000003499_1
CPG0000000350,1,19/09/1932,MALE,REGULAR DRIVER,2010,CPG0000000350_1
CPG00000003501,1,22/11/1929,UNKNOWN,REGULAR DRIVER,2004,CPG00000003501_1
CPG00000003513,1,2/03/1975,MALE,REGULAR DRIVER,2008,CPG00000003513_1
CPG00000003526,1,7/06/1976,FEMALE,REGULAR DRIVER,2013,CPG00000003526_1
CPG00000003529,1,6/09/1927,MALE,REGULAR DRIVER,1961,CPG00000003529_1
CPG00000003532,1,21/02/1983,FEMALE,REGULAR DRIVER,2010,CPG00000003532_1
CPG00000003533,1,13/12/1985,FEMALE,REGULAR DRIVER,2007,CPG00000003533_1
CPG00000003543,1,14/01/1964,MALE,REGULAR DRIVER,1997,CPG00000003543_1
CPG00000003544,1,25/10/1940,UNKNOWN,REGULAR DRIVER,2005,CPG00000003544_1
CPG00000003550,1,10/02/1944,MALE,REGULAR DRIVER,1976,CPG00000003550_1
CPG00000003557,1,28/11/1957,UNKNOWN,REGULAR DRIVER,1977,CPG00000003557_1
CPG00000003559,1,12/05/1977,UNKNOWN,REGULAR DRIVER,2006,CPG00000003559_1
CPG00000003560,1,10/11/1974,UNKNOWN,REGULAR DRIVER,2006,CPG00000003560_1
CPG00000003564,1,27/06/1920,UNKNOWN,REGULAR DRIVER,1951,CPG00000003564_1
CPG00000003565,1,5/10/1963,UNKNOWN,REGULAR DRIVER,2006,CPG00000003565_1
CPG00000003566,1,20/02/1927,MALE,REGULAR DRIVER,1951,CPG00000003566_1
CPG00000003572,1,18/09/1985,FEMALE,REGULAR DRIVER,2012,CPG00000003572_1
CPG00000003579,1,17/03/1951,FEMALE,REGULAR DRIVER,2007,CPG00000003579_1
CPG00000003586,1,7/03/1939,MALE,REGULAR DRIVER,2002,CPG00000003586_1
CPG00000003596,1,9/01/1989,FEMALE,REGULAR DRIVER,2013,CPG00000003596_1
CPG0000000360,1,27/07/1961,MALE,REGULAR DRIVER,2000,CPG0000000360_1
CPG00000003602,1,3/02/1935,FEMALE,REGULAR DRIVER,1962,CPG00000003602_1
CPG00000003603,1,27/09/1929,MALE,REGULAR DRIVER,1975,CPG00000003603_1
CPG00000003604,1,5/05/1954,FEMALE,REGULAR DRIVER,2002,CPG00000003604_1
CPG00000003607,1,1/08/1936,FEMALE,REGULAR DRIVER,1967,CPG00000003607_1
CPG00000003613,1,29/03/1962,FEMALE,REGULAR DRIVER,1984,CPG00000003613_1
CPG00000003619,1,1/02/1973,UNKNOWN,REGULAR DRIVER,2005,CPG00000003619_1
CPG0000000363,1,26/05/1986,FEMALE,REGULAR DRIVER,2005,CPG0000000363_1
CPG00000003632,1,20/12/1959,FEMALE,REGULAR DRIVER,1988,CPG00000003632_1
CPG0000000364,1,29/03/1987,FEMALE,REGULAR DRIVER,2012,CPG0000000364_1
CPG00000003651,1,8/09/1970,FEMALE,REGULAR DRIVER,2002,CPG00000003651_1
CPG00000003653,1,6/11/1926,FEMALE,REGULAR DRIVER,1963,CPG00000003653_1
CPG00000003669,1,28/11/1986,MALE,REGULAR DRIVER,2011,CPG00000003669_1
CPG00000003671,1,21/01/1948,UNKNOWN,REGULAR DRIVER,1981,CPG00000003671_1
CPG00000003676,1,27/05/1923,MALE,REGULAR DRIVER,2007,CPG00000003676_1
CPG00000003707,1,3/11/1968,MALE,REGULAR DRIVER,2006,CPG00000003707_1
CPG0000000371,1,4/09/1949,UNKNOWN,REGULAR DRIVER,1990,CPG0000000371_1
CPG00000003710,1,27/07/1950,MALE,REGULAR DRIVER,1976,CPG00000003710_1
CPG00000003720,1,25/05/1941,UNKNOWN,REGULAR DRIVER,1970,CPG00000003720_1
CPG00000003723,1,13/02/1966,UNKNOWN,REGULAR DRIVER,1991,CPG00000003723_1
CPG00000003724,1,20/08/1951,FEMALE,REGULAR DRIVER,2000,CPG00000003724_1
CPG00000003731,1,23/04/1926,MALE,REGULAR DRIVER,2003,CPG00000003731_1
CPG00000003734,1,15/07/1941,FEMALE,REGULAR DRIVER,2000,CPG00000003734_1
CPG00000003738,1,22/10/1973,MALE,REGULAR DRIVER,2005,CPG00000003738_1
CPG00000003739,1,16/09/1948,UNKNOWN,REGULAR DRIVER,1978,CPG00000003739_1
CPG0000000374,1,22/03/1967,UNKNOWN,REGULAR DRIVER,2010,CPG0000000374_1
CPG00000003741,1,23/10/1952,UNKNOWN,REGULAR DRIVER,2000,CPG00000003741_1
CPG00000003753,1,3/04/1967,FEMALE,REGULAR DRIVER,2001,CPG00000003753_1
CPG00000003766,1,9/05/1968,MALE,REGULAR DRIVER,2005,CPG00000003766_1
CPG00000003769,1,20/07/1980,FEMALE,REGULAR DRIVER,1998,CPG00000003769_1
CPG00000003772,1,14/09/1922,UNKNOWN,REGULAR DRIVER,1988,CPG00000003772_1
CPG00000003773,1,28/01/1980,FEMALE,REGULAR DRIVER,1998,CPG00000003773_1
CPG0000000378,1,2/07/1936,UNKNOWN,REGULAR DRIVER,1979,CPG0000000378_1
CPG00000003783,1,2/04/1976,MALE,REGULAR DRIVER,2007,CPG00000003783_1
CPG00000003784,1,26/05/1932,UNKNOWN,REGULAR DRIVER,1964,CPG00000003784_1
CPG0000000379,1,24/10/1924,FEMALE,REGULAR DRIVER,1946,CPG0000000379_1
CPG00000003790,1,5/09/1966,MALE,REGULAR DRIVER,1996,CPG00000003790_1
CPG00000003797,1,27/10/1920,MALE,REGULAR DRIVER,1951,CPG00000003797_1
CPG00000003799,1,20/02/1980,UNKNOWN,REGULAR DRIVER,2011,CPG00000003799_1
CPG00000003800,1,29/08/1949,FEMALE,REGULAR DRIVER,1974,CPG00000003800_1
CPG00000003804,1,28/07/1941,MALE,REGULAR DRIVER,1962,CPG00000003804_1
CPG00000003805,1,26/01/1957,MALE,REGULAR DRIVER,1996,CPG00000003805_1
CPG00000003806,1,22/04/1945,MALE,REGULAR DRIVER,2002,CPG00000003806_1
CPG0000000381,1,8/10/1969,UNKNOWN,REGULAR DRIVER,2008,CPG0000000381_1
CPG00000003812,1,11/08/1922,FEMALE,REGULAR DRIVER,1954,CPG00000003812_1
CPG00000003819,1,12/09/1942,UNKNOWN,REGULAR DRIVER,1978,CPG00000003819_1
CPG00000003826,1,19/08/1943,FEMALE,REGULAR DRIVER,1996,CPG00000003826_1
CPG00000003836,1,1/01/1943,FEMALE,REGULAR DRIVER,1975,CPG00000003836_1
CPG0000000393,1,9/06/1959,UNKNOWN,REGULAR DRIVER,1983,CPG0000000393_1
CPG00000004,1,5/05/1971,UNKNOWN,REGULAR DRIVER,2003,CPG00000004_1
CPG0000000406,1,24/11/1943,FEMALE,REGULAR DRIVER,1981,CPG0000000406_1
CPG0000000409,1,6/05/1940,FEMALE,REGULAR DRIVER,1972,CPG0000000409_1
CPG0000000412,1,15/11/1920,MALE,REGULAR DRIVER,1980,CPG0000000412_1
CPG0000000413,1,12/12/1925,MALE,REGULAR DRIVER,1973,CPG0000000413_1
CPG0000000423,1,5/03/1962,UNKNOWN,REGULAR DRIVER,1992,CPG0000000423_1
CPG0000000424,1,14/08/1990,UNKNOWN,REGULAR DRIVER,2012,CPG0000000424_1
CPG0000000430,1,27/12/1951,UNKNOWN,REGULAR DRIVER,2011,CPG0000000430_1
CPG0000000437,1,7/10/1973,MALE,REGULAR DRIVER,2002,CPG0000000437_1
CPG0000000439,1,13/01/1953,MALE,REGULAR DRIVER,2003,CPG0000000439_1
CPG0000000440,1,9/03/1946,UNKNOWN,REGULAR DRIVER,1996,CPG0000000440_1
CPG0000000444,1,5/03/1966,FEMALE,REGULAR DRIVER,1987,CPG0000000444_1
CPG0000000445,1,26/06/1933,FEMALE,REGULAR DRIVER,2002,CPG0000000445_1
CPG0000000446,1,4/03/1990,FEMALE,REGULAR DRIVER,2010,CPG0000000446_1
CPG0000000452,1,28/01/1977,MALE,REGULAR DRIVER,2005,CPG0000000452_1
CPG0000000459,1,20/08/1922,UNKNOWN,REGULAR DRIVER,1986,CPG0000000459_1
CPG0000000466,1,22/04/1933,MALE,REGULAR DRIVER,1956,CPG0000000466_1
CPG0000000476,1,1/05/1967,UNKNOWN,REGULAR DRIVER,2012,CPG0000000476_1
CPG0000000482,1,18/03/1920,MALE,REGULAR DRIVER,2002,CPG0000000482_1
CPG0000000483,1,26/09/1961,UNKNOWN,REGULAR DRIVER,2005,CPG0000000483_1
CPG0000000484,1,28/10/1968,MALE,REGULAR DRIVER,1990,CPG0000000484_1
CPG0000000487,1,14/08/1967,FEMALE,REGULAR DRIVER,1991,CPG0000000487_1
CPG0000000493,1,15/10/1953,MALE,REGULAR DRIVER,2011,CPG0000000493_1
CPG0000000499,1,10/03/1947,FEMALE,REGULAR DRIVER,2010,CPG0000000499_1
CPG000000051,1,18/01/1940,FEMALE,REGULAR DRIVER,1975,CPG000000051_1
CPG0000000512,1,6/02/1938,MALE,REGULAR DRIVER,1984,CPG0000000512_1
CPG000000053,1,5/03/1968,UNKNOWN,REGULAR DRIVER,2002,CPG000000053_1
CPG0000000531,1,11/05/1979,UNKNOWN,REGULAR DRIVER,1998,CPG0000000531_1
CPG0000000533,1,9/09/1980,FEMALE,REGULAR DRIVER,2001,CPG0000000533_1
CPG0000000549,1,13/07/1967,FEMALE,REGULAR DRIVER,2001,CPG0000000549_1
CPG0000000551,1,3/05/1935,UNKNOWN,REGULAR DRIVER,1965,CPG0000000551_1
CPG0000000556,1,11/12/1933,FEMALE,REGULAR DRIVER,1963,CPG0000000556_1
CPG0000000587,1,8/10/1949,MALE,REGULAR DRIVER,1990,CPG0000000587_1
CPG0000000590,1,21/06/1922,FEMALE,REGULAR DRIVER,2009,CPG0000000590_1
CPG0000000600,1,25/06/1981,FEMALE,REGULAR DRIVER,1999,CPG0000000600_1
CPG0000000603,1,9/10/1934,MALE,REGULAR DRIVER,2009,CPG0000000603_1
CPG0000000604,1,24/05/1991,MALE,REGULAR DRIVER,2010,CPG0000000604_1
CPG0000000611,1,5/09/1978,UNKNOWN,REGULAR DRIVER,2008,CPG0000000611_1
CPG0000000614,1,1/12/1938,FEMALE,REGULAR DRIVER,1995,CPG0000000614_1
CPG0000000618,1,25/08/1978,FEMALE,REGULAR DRIVER,2002,CPG0000000618_1
CPG0000000619,1,5/02/1976,MALE,REGULAR DRIVER,2009,CPG0000000619_1
CPG0000000621,1,9/09/1931,FEMALE,REGULAR DRIVER,1977,CPG0000000621_1
CPG0000000633,1,18/06/1964,MALE,REGULAR DRIVER,2004,CPG0000000633_1
CPG0000000646,1,29/09/1938,FEMALE,REGULAR DRIVER,1999,CPG0000000646_1
CPG0000000649,1,4/03/1985,UNKNOWN,REGULAR DRIVER,2005,CPG0000000649_1
CPG0000000652,1,15/04/1954,MALE,REGULAR DRIVER,1999,CPG0000000652_1
CPG0000000653,1,28/03/1980,UNKNOWN,REGULAR DRIVER,2008,CPG0000000653_1
CPG0000000663,1,23/07/1950,FEMALE,REGULAR DRIVER,1994,CPG0000000663_1
CPG0000000664,1,18/05/1981,MALE,REGULAR DRIVER,2003,CPG0000000664_1
CPG0000000670,1,20/03/1949,MALE,REGULAR DRIVER,1990,CPG0000000670_1
CPG0000000677,1,2/08/1967,FEMALE,REGULAR DRIVER,1998,CPG0000000677_1
CPG0000000679,1,18/07/1980,MALE,REGULAR DRIVER,2003,CPG0000000679_1
CPG0000000680,1,8/11/1945,UNKNOWN,REGULAR DRIVER,1993,CPG0000000680_1
CPG0000000684,1,25/03/1956,UNKNOWN,REGULAR DRIVER,1977,CPG0000000684_1
CPG0000000685,1,27/02/1971,MALE,REGULAR DRIVER,2001,CPG0000000685_1
CPG0000000686,1,20/11/1955,MALE,REGULAR DRIVER,1979,CPG0000000686_1
CPG000000069,1,7/12/1975,MALE,REGULAR DRIVER,2003,CPG000000069_1
CPG0000000692,1,11/07/1971,MALE,REGULAR DRIVER,2005,CPG0000000692_1
CPG0000000699,1,29/03/1968,MALE,REGULAR DRIVER,1989,CPG0000000699_1
CPG00000007,1,17/02/1928,MALE,REGULAR DRIVER,1991,CPG00000007_1
CPG0000000706,1,10/03/1980,MALE,REGULAR DRIVER,2013,CPG0000000706_1
CPG000000071,1,25/03/1988,UNKNOWN,REGULAR DRIVER,2007,CPG000000071_1
CPG0000000716,1,1/10/1941,FEMALE,REGULAR DRIVER,1965,CPG0000000716_1
CPG0000000722,1,26/05/1956,FEMALE,REGULAR DRIVER,1996,CPG0000000722_1
CPG0000000723,1,16/07/1935,MALE,REGULAR DRIVER,1956,CPG0000000723_1
CPG0000000724,1,24/07/1986,MALE,REGULAR DRIVER,2011,CPG0000000724_1
CPG0000000727,1,18/11/1988,FEMALE,REGULAR DRIVER,2010,CPG0000000727_1
CPG0000000733,1,24/10/1987,FEMALE,REGULAR DRIVER,2006,CPG0000000733_1
CPG0000000739,1,23/04/1964,UNKNOWN,REGULAR DRIVER,1996,CPG0000000739_1
CPG0000000752,1,27/08/1926,MALE,REGULAR DRIVER,1989,CPG0000000752_1
CPG000000076,1,1/12/1936,UNKNOWN,REGULAR DRIVER,1996,CPG000000076_1
CPG0000000771,1,13/06/1950,UNKNOWN,REGULAR DRIVER,2009,CPG0000000771_1
CPG0000000773,1,23/05/1945,FEMALE,REGULAR DRIVER,1995,CPG0000000773_1
CPG0000000789,1,28/09/1968,UNKNOWN,REGULAR DRIVER,2002,CPG0000000789_1
CPG0000000791,1,9/10/1952,FEMALE,REGULAR DRIVER,2003,CPG0000000791_1
CPG0000000796,1,5/04/1956,UNKNOWN,REGULAR DRIVER,1999,CPG0000000796_1
CPG0000000827,1,12/02/1937,MALE,REGULAR DRIVER,1970,CPG0000000827_1
CPG0000000830,1,26/07/1931,MALE,REGULAR DRIVER,1992,CPG0000000830_1
CPG0000000840,1,29/09/1935,FEMALE,REGULAR DRIVER,1988,CPG0000000840_1
CPG0000000843,1,15/08/1962,FEMALE,REGULAR DRIVER,2004,CPG0000000843_1
CPG0000000844,1,15/10/1943,FEMALE,REGULAR DRIVER,1981,CPG0000000844_1
CPG0000000851,1,9/09/1980,UNKNOWN,REGULAR DRIVER,2006,CPG0000000851_1
CPG0000000854,1,21/09/1931,FEMALE,REGULAR DRIVER,1997,CPG0000000854_1
CPG0000000858,1,26/03/1989,UNKNOWN,REGULAR DRIVER,2011,CPG0000000858_1
CPG0000000859,1,9/04/1956,FEMALE,REGULAR DRIVER,1981,CPG0000000859_1
CPG0000000861,1,10/12/1937,FEMALE,REGULAR DRIVER,1966,CPG0000000861_1
CPG0000000873,1,17/12/1962,UNKNOWN,REGULAR DRIVER,2011,CPG0000000873_1
CPG0000000886,1,24/10/1943,FEMALE,REGULAR DRIVER,1997,CPG0000000886_1
CPG0000000889,1,17/09/1941,UNKNOWN,REGULAR DRIVER,1999,CPG0000000889_1
CPG0000000892,1,21/08/1988,FEMALE,REGULAR DRIVER,2006,CPG0000000892_1
CPG0000000893,1,16/12/1970,UNKNOWN,REGULAR DRIVER,2010,CPG0000000893_1
CPG0000000903,1,12/04/1934,UNKNOWN,REGULAR DRIVER,2008,CPG0000000903_1
CPG0000000904,1,23/01/1939,FEMALE,REGULAR DRIVER,1957,CPG0000000904_1
CPG0000000910,1,29/10/1931,MALE,REGULAR DRIVER,1966,CPG0000000910_1
CPG0000000917,1,12/07/1937,FEMALE,REGULAR DRIVER,1962,CPG0000000917_1
CPG0000000919,1,3/02/1941,FEMALE,REGULAR DRIVER,1977,CPG0000000919_1
CPG0000000920,1,9/06/1968,FEMALE,REGULAR DRIVER,2004,CPG0000000920_1
CPG0000000924,1,30/09/1949,FEMALE,REGULAR DRIVER,1978,CPG0000000924_1
CPG0000000925,1,21/04/1942,UNKNOWN,REGULAR DRIVER,1996,CPG0000000925_1
CPG0000000926,1,2/08/1950,UNKNOWN,REGULAR DRIVER,2006,CPG0000000926_1
CPG0000000932,1,10/04/1943,MALE,REGULAR DRIVER,1992,CPG0000000932_1
CPG0000000939,1,18/12/1952,MALE,REGULAR DRIVER,1971,CPG0000000939_1
CPG0000000946,1,18/06/1923,MALE,REGULAR DRIVER,1986,CPG0000000946_1
CPG0000000956,1,23/02/1953,UNKNOWN,REGULAR DRIVER,1994,CPG0000000956_1
CPG0000000962,1,27/01/1954,UNKNOWN,REGULAR DRIVER,2005,CPG0000000962_1
CPG0000000963,1,18/02/1978,UNKNOWN,REGULAR DRIVER,2000,CPG0000000963_1
CPG0000000964,1,15/10/1983,MALE,REGULAR DRIVER,2006,CPG0000000964_1
CPG0000000967,1,12/10/1962,MALE,REGULAR DRIVER,2005,CPG0000000967_1
CPG0000000973,1,20/11/1947,FEMALE,REGULAR DRIVER,1982,CPG0000000973_1
CPG0000000979,1,27/03/1932,UNKNOWN,REGULAR DRIVER,1972,CPG0000000979_1
CPG0000000992,1,2/01/1954,MALE,REGULAR DRIVER,2000,CPG0000000992_1
