DriverClaimType,ClaimYear,ClaimMonth,RiskDriverSubitemID
OTHER CLAIM NO EXCESS PAYABLE,2000,6,CPG00000001011_1
OTHER CLAIM NO EXCESS PAYABLE,2010,12,CPG00000001011_2
OTHER CLAIM NO EXCESS PAYABLE,2002,4,CPG00000001011_2
OTHER CLAIM NO EXCESS PAYABLE,1982,12,CPG00000001013_1
OTHER CLAIM NO EXCESS PAYABLE,1975,9,CPG00000001013_1
OTHER CLAIM NO EXCESS PAYABLE,2001,6,CPG00000001031_1
OTHER CLAIM NO EXCESS PAYABLE,2009,3,CPG00000001036_1
OTHER CLAIM NO EXCESS PAYABLE,1977,3,CPG00000001067_1
OTHER CLAIM NO EXCESS PAYABLE,2002,10,CPG0000000107_1
OTHER CLAIM NO EXCESS PAYABLE,1964,6,CPG00000001070_1
OTHER CLAIM NO EXCESS PAYABLE,2008,10,CPG00000001080_1
OTHER CLAIM NO EXCESS PAYABLE,2009,4,CPG00000001083_1
OTHER CLAIM NO EXCESS PAYABLE,2009,9,CPG00000001084_1
OTHER CLAIM NO EXCESS PAYABLE,2011,2,CPG00000001091_1
OTHER CLAIM NO EXCESS PAYABLE,2014,9,CPG00000001094_1
OTHER CLAIM NO EXCESS PAYABLE,2014,6,CPG00000001098_1
OTHER CLAIM NO EXCESS PAYABLE,2008,8,CPG00000001099_1
OTHER CLAIM NO EXCESS PAYABLE,2014,2,CPG0000000110_1
OTHER CLAIM NO EXCESS PAYABLE,2012,3,CPG00000001101_1
OTHER CLAIM NO EXCESS PAYABLE,1983,10,CPG00000001113_1
OTHER CLAIM NO EXCESS PAYABLE,2012,6,CPG00000001126_1
OTHER CLAIM NO EXCESS PAYABLE,2009,3,CPG00000001129_1
OTHER CLAIM NO EXCESS PAYABLE,1975,9,CPG00000001132_1
OTHER CLAIM NO EXCESS PAYABLE,2012,6,CPG00000001133_1
OTHER CLAIM NO EXCESS PAYABLE,2014,12,CPG00000001143_1
OTHER CLAIM NO EXCESS PAYABLE,2012,8,CPG00000001144_1
OTHER CLAIM NO EXCESS PAYABLE,1994,7,CPG00000001150_1
OTHER CLAIM NO EXCESS PAYABLE,2006,12,CPG00000001157_1
OTHER CLAIM NO EXCESS PAYABLE,2008,1,CPG00000001159_1
OTHER CLAIM NO EXCESS PAYABLE,2014,11,CPG00000001160_1
OTHER CLAIM NO EXCESS PAYABLE,2012,6,CPG00000001164_1
OTHER CLAIM NO EXCESS PAYABLE,2000,7,CPG00000001165_1
OTHER CLAIM NO EXCESS PAYABLE,2011,10,CPG00000001166_1
OTHER CLAIM NO EXCESS PAYABLE,2014,5,CPG00000001172_1
OTHER CLAIM NO EXCESS PAYABLE,2010,12,CPG00000001179_1
OTHER CLAIM NO EXCESS PAYABLE,2012,2,CPG00000001186_1
OTHER CLAIM NO EXCESS PAYABLE,2013,7,CPG00000001196_1
OTHER CLAIM NO EXCESS PAYABLE,2011,2,CPG0000000120_1
OTHER CLAIM NO EXCESS PAYABLE,2003,5,CPG00000001202_1
OTHER CLAIM NO EXCESS PAYABLE,2012,12,CPG00000001203_1
OTHER CLAIM NO EXCESS PAYABLE,2010,2,CPG00000001204_1
OTHER CLAIM NO EXCESS PAYABLE,2013,2,CPG00000001207_1
OTHER CLAIM NO EXCESS PAYABLE,2004,12,CPG00000001213_1
OTHER CLAIM NO EXCESS PAYABLE,2008,3,CPG00000001219_1
OTHER CLAIM NO EXCESS PAYABLE,2001,8,CPG0000000123_1
OTHER CLAIM NO EXCESS PAYABLE,1987,7,CPG00000001232_1
OTHER CLAIM NO EXCESS PAYABLE,2005,9,CPG0000000124_1
OTHER CLAIM NO EXCESS PAYABLE,2012,8,CPG00000001251_1
OTHER CLAIM NO EXCESS PAYABLE,1988,3,CPG00000001253_1
OTHER CLAIM NO EXCESS PAYABLE,2014,7,CPG00000001269_1
OTHER CLAIM NO EXCESS PAYABLE,2006,4,CPG00000001271_1
OTHER CLAIM NO EXCESS PAYABLE,2011,11,CPG00000001276_1
OTHER CLAIM NO EXCESS PAYABLE,1992,11,CPG000000013_1
OTHER CLAIM NO EXCESS PAYABLE,2014,6,CPG00000001307_1
OTHER CLAIM NO EXCESS PAYABLE,1991,8,CPG0000000131_1
OTHER CLAIM NO EXCESS PAYABLE,1963,2,CPG00000001310_1
OTHER CLAIM NO EXCESS PAYABLE,1981,10,CPG00000001320_1
OTHER CLAIM NO EXCESS PAYABLE,2011,6,CPG00000001323_1
OTHER CLAIM NO EXCESS PAYABLE,2000,5,CPG00000001324_1
OTHER CLAIM NO EXCESS PAYABLE,1998,3,CPG00000001331_1
OTHER CLAIM NO EXCESS PAYABLE,1982,11,CPG00000001334_1
OTHER CLAIM NO EXCESS PAYABLE,2006,11,CPG00000001338_1
OTHER CLAIM NO EXCESS PAYABLE,2007,4,CPG00000001339_1
OTHER CLAIM NO EXCESS PAYABLE,2010,12,CPG0000000134_1
OTHER CLAIM NO EXCESS PAYABLE,2002,6,CPG00000001341_1
OTHER CLAIM NO EXCESS PAYABLE,2002,3,CPG00000001353_1
OTHER CLAIM NO EXCESS PAYABLE,2014,11,CPG00000001366_1
OTHER CLAIM NO EXCESS PAYABLE,2006,7,CPG00000001369_1
OTHER CLAIM NO EXCESS PAYABLE,2003,5,CPG00000001372_1
OTHER CLAIM NO EXCESS PAYABLE,1992,1,CPG00000001373_1
OTHER CLAIM NO EXCESS PAYABLE,2011,10,CPG0000000138_1
OTHER CLAIM NO EXCESS PAYABLE,2011,6,CPG00000001383_1
OTHER CLAIM NO EXCESS PAYABLE,2004,2,CPG00000001384_1
OTHER CLAIM NO EXCESS PAYABLE,2013,4,CPG0000000139_1
OTHER CLAIM NO EXCESS PAYABLE,2008,1,CPG00000001390_1
OTHER CLAIM NO EXCESS PAYABLE,2013,12,CPG00000001397_1
OTHER CLAIM NO EXCESS PAYABLE,2014,8,CPG00000001399_1
OTHER CLAIM NO EXCESS PAYABLE,2006,2,CPG00000001400_1
OTHER CLAIM NO EXCESS PAYABLE,2008,8,CPG00000001404_1
OTHER CLAIM NO EXCESS PAYABLE,2009,12,CPG00000001405_1
OTHER CLAIM NO EXCESS PAYABLE,2008,11,CPG00000001406_1
OTHER CLAIM NO EXCESS PAYABLE,2014,10,CPG0000000141_1
OTHER CLAIM NO EXCESS PAYABLE,2002,9,CPG00000001412_1
OTHER CLAIM NO EXCESS PAYABLE,2011,10,CPG00000001419_1
OTHER CLAIM NO EXCESS PAYABLE,2012,5,CPG00000001426_1
OTHER CLAIM NO EXCESS PAYABLE,2013,10,CPG00000001436_1
OTHER CLAIM NO EXCESS PAYABLE,2001,2,CPG00000001442_1
OTHER CLAIM NO EXCESS PAYABLE,2013,8,CPG00000001443_1
OTHER CLAIM NO EXCESS PAYABLE,1998,9,CPG00000001444_1
OTHER CLAIM NO EXCESS PAYABLE,1983,9,CPG00000001447_1
OTHER CLAIM NO EXCESS PAYABLE,2012,11,CPG00000001453_1
OTHER CLAIM NO EXCESS PAYABLE,2013,3,CPG00000001459_1
OTHER CLAIM NO EXCESS PAYABLE,2013,11,CPG00000001472_1
OTHER CLAIM NO EXCESS PAYABLE,2009,10,CPG00000001491_1
OTHER CLAIM NO EXCESS PAYABLE,2013,8,CPG00000001493_1
OTHER CLAIM NO EXCESS PAYABLE,1984,9,CPG00000001509_1
OTHER CLAIM NO EXCESS PAYABLE,2004,4,CPG00000001511_1
OTHER CLAIM NO EXCESS PAYABLE,2005,3,CPG00000001516_1
OTHER CLAIM NO EXCESS PAYABLE,2012,1,CPG0000000153_1
OTHER CLAIM NO EXCESS PAYABLE,2009,11,CPG00000001547_1
OTHER CLAIM NO EXCESS PAYABLE,2014,9,CPG00000001550_1
OTHER CLAIM NO EXCESS PAYABLE,2011,1,CPG00000001560_1
OTHER CLAIM NO EXCESS PAYABLE,1992,2,CPG00000001563_1
OTHER CLAIM NO EXCESS PAYABLE,2012,6,CPG00000001564_1
OTHER CLAIM NO EXCESS PAYABLE,1963,11,CPG00000001571_1
OTHER CLAIM NO EXCESS PAYABLE,1963,6,CPG00000001574_1
OTHER CLAIM NO EXCESS PAYABLE,2003,11,CPG00000001578_1
OTHER CLAIM NO EXCESS PAYABLE,2009,4,CPG00000001579_1
OTHER CLAIM NO EXCESS PAYABLE,2009,1,CPG00000001581_1
OTHER CLAIM NO EXCESS PAYABLE,1996,10,CPG00000001593_1
OTHER CLAIM NO EXCESS PAYABLE,2013,7,CPG00000001606_1
OTHER CLAIM NO EXCESS PAYABLE,2014,7,CPG00000001609_1
OTHER CLAIM NO EXCESS PAYABLE,1979,2,CPG00000001612_1
OTHER CLAIM NO EXCESS PAYABLE,2007,7,CPG00000001613_1
OTHER CLAIM NO EXCESS PAYABLE,2002,6,CPG00000001623_1
OTHER CLAIM NO EXCESS PAYABLE,2011,2,CPG00000001624_1
OTHER CLAIM NO EXCESS PAYABLE,2009,2,CPG00000001630_1
OTHER CLAIM NO EXCESS PAYABLE,1996,3,CPG00000001637_1
OTHER CLAIM NO EXCESS PAYABLE,2014,3,CPG00000001639_1
OTHER CLAIM NO EXCESS PAYABLE,2014,7,CPG00000001640_1
OTHER CLAIM NO EXCESS PAYABLE,2014,8,CPG00000001644_1
OTHER CLAIM NO EXCESS PAYABLE,2000,11,CPG00000001645_1
OTHER CLAIM NO EXCESS PAYABLE,2014,4,CPG00000001646_1
OTHER CLAIM NO EXCESS PAYABLE,1996,7,CPG00000001652_1
OTHER CLAIM NO EXCESS PAYABLE,2011,6,CPG00000001659_1
OTHER CLAIM NO EXCESS PAYABLE,2012,12,CPG0000000166_1
OTHER CLAIM NO EXCESS PAYABLE,1996,5,CPG00000001666_1
OTHER CLAIM NO EXCESS PAYABLE,1973,1,CPG00000001676_1
OTHER CLAIM NO EXCESS PAYABLE,1999,1,CPG00000001682_1
OTHER CLAIM NO EXCESS PAYABLE,1990,12,CPG00000001683_1
OTHER CLAIM NO EXCESS PAYABLE,2012,8,CPG00000001684_1
OTHER CLAIM NO EXCESS PAYABLE,2011,3,CPG00000001687_1
OTHER CLAIM NO EXCESS PAYABLE,2010,2,CPG0000000169_1
OTHER CLAIM NO EXCESS PAYABLE,2010,4,CPG00000001693_1
OTHER CLAIM NO EXCESS PAYABLE,2010,4,CPG00000001699_1
OTHER CLAIM NO EXCESS PAYABLE,2013,12,CPG00000001712_1
OTHER CLAIM NO EXCESS PAYABLE,2007,11,CPG0000000172_1
OTHER CLAIM NO EXCESS PAYABLE,2010,3,CPG0000000173_1
OTHER CLAIM NO EXCESS PAYABLE,2013,2,CPG00000001731_1
OTHER CLAIM NO EXCESS PAYABLE,2014,4,CPG00000001733_1
OTHER CLAIM NO EXCESS PAYABLE,2010,11,CPG00000001749_1
OTHER CLAIM NO EXCESS PAYABLE,2012,2,CPG00000001751_1
OTHER CLAIM NO EXCESS PAYABLE,2011,4,CPG00000001756_1
OTHER CLAIM NO EXCESS PAYABLE,1994,10,CPG00000001787_1
OTHER CLAIM NO EXCESS PAYABLE,1975,7,CPG00000001790_1
OTHER CLAIM NO EXCESS PAYABLE,2012,4,CPG00000001800_1
OTHER CLAIM NO EXCESS PAYABLE,2001,6,CPG00000001803_1
OTHER CLAIM NO EXCESS PAYABLE,1964,5,CPG00000001804_1
OTHER CLAIM NO EXCESS PAYABLE,2013,2,CPG00000001811_1
OTHER CLAIM NO EXCESS PAYABLE,1986,6,CPG00000001814_1
OTHER CLAIM NO EXCESS PAYABLE,2013,12,CPG00000001818_1
OTHER CLAIM NO EXCESS PAYABLE,2013,5,CPG00000001819_1
OTHER CLAIM NO EXCESS PAYABLE,2012,7,CPG00000001821_1
OTHER CLAIM NO EXCESS PAYABLE,2014,9,CPG0000000183_1
OTHER CLAIM NO EXCESS PAYABLE,1996,3,CPG00000001833_1
OTHER CLAIM NO EXCESS PAYABLE,2008,2,CPG0000000184_1
OTHER CLAIM NO EXCESS PAYABLE,1997,8,CPG00000001846_1
OTHER CLAIM NO EXCESS PAYABLE,2008,4,CPG00000001849_1
OTHER CLAIM NO EXCESS PAYABLE,2001,9,CPG00000001852_1
OTHER CLAIM NO EXCESS PAYABLE,2014,11,CPG00000001853_1
OTHER CLAIM NO EXCESS PAYABLE,1969,12,CPG00000001863_1
OTHER CLAIM NO EXCESS PAYABLE,2013,9,CPG00000001864_1
OTHER CLAIM NO EXCESS PAYABLE,2013,7,CPG00000001870_1
OTHER CLAIM NO EXCESS PAYABLE,2006,8,CPG00000001877_1
OTHER CLAIM NO EXCESS PAYABLE,2008,9,CPG00000001879_1
OTHER CLAIM NO EXCESS PAYABLE,2011,8,CPG00000001880_1
OTHER CLAIM NO EXCESS PAYABLE,2011,11,CPG00000001884_1
OTHER CLAIM NO EXCESS PAYABLE,1995,11,CPG00000001885_1
OTHER CLAIM NO EXCESS PAYABLE,1987,4,CPG00000001886_1
OTHER CLAIM NO EXCESS PAYABLE,2001,6,CPG00000001892_1
OTHER CLAIM NO EXCESS PAYABLE,2012,10,CPG00000001899_1
OTHER CLAIM NO EXCESS PAYABLE,2013,6,CPG000000019_1
OTHER CLAIM NO EXCESS PAYABLE,2006,8,CPG0000000190_1
OTHER CLAIM NO EXCESS PAYABLE,2013,3,CPG00000001906_1
OTHER CLAIM NO EXCESS PAYABLE,2008,5,CPG00000001916_1
OTHER CLAIM NO EXCESS PAYABLE,1999,1,CPG00000001922_1
OTHER CLAIM NO EXCESS PAYABLE,2011,7,CPG00000001923_1
OTHER CLAIM NO EXCESS PAYABLE,2013,7,CPG00000001924_1
OTHER CLAIM NO EXCESS PAYABLE,2010,8,CPG00000001927_1
OTHER CLAIM NO EXCESS PAYABLE,2014,8,CPG00000001933_1
OTHER CLAIM NO EXCESS PAYABLE,1994,6,CPG00000001939_1
OTHER CLAIM NO EXCESS PAYABLE,2010,1,CPG00000001952_1
OTHER CLAIM NO EXCESS PAYABLE,2014,10,CPG0000000197_1
OTHER CLAIM NO EXCESS PAYABLE,1998,11,CPG00000001971_1
OTHER CLAIM NO EXCESS PAYABLE,2000,3,CPG00000001973_1
OTHER CLAIM NO EXCESS PAYABLE,2013,8,CPG00000001989_1
OTHER CLAIM NO EXCESS PAYABLE,2010,7,CPG0000000199_1
OTHER CLAIM NO EXCESS PAYABLE,1998,5,CPG00000001991_1
OTHER CLAIM NO EXCESS PAYABLE,2002,11,CPG00000001996_1
OTHER CLAIM NO EXCESS PAYABLE,1995,12,CPG00000002_1
OTHER CLAIM NO EXCESS PAYABLE,2000,7,CPG00000002_2
OTHER CLAIM NO EXCESS PAYABLE,2005,1,CPG00000002_2
OTHER CLAIM NO EXCESS PAYABLE,2014,5,CPG0000000200_1
OTHER CLAIM NO EXCESS PAYABLE,1993,2,CPG00000002027_1
OTHER CLAIM NO EXCESS PAYABLE,1995,4,CPG00000002030_1
OTHER CLAIM NO EXCESS PAYABLE,2006,10,CPG0000000204_1
OTHER CLAIM NO EXCESS PAYABLE,1999,9,CPG00000002040_1
OTHER CLAIM NO EXCESS PAYABLE,2004,12,CPG00000002043_1
OTHER CLAIM NO EXCESS PAYABLE,2011,11,CPG00000002044_1
OTHER CLAIM NO EXCESS PAYABLE,1995,12,CPG0000000205_1
OTHER CLAIM NO EXCESS PAYABLE,2009,3,CPG00000002051_1
OTHER CLAIM NO EXCESS PAYABLE,1969,6,CPG00000002054_1
OTHER CLAIM NO EXCESS PAYABLE,2002,9,CPG00000002058_1
OTHER CLAIM NO EXCESS PAYABLE,2006,9,CPG00000002059_1
OTHER CLAIM NO EXCESS PAYABLE,2012,9,CPG0000000206_1
OTHER CLAIM NO EXCESS PAYABLE,2006,2,CPG00000002061_1
OTHER CLAIM NO EXCESS PAYABLE,2003,9,CPG00000002073_1
OTHER CLAIM NO EXCESS PAYABLE,2012,9,CPG00000002086_1
OTHER CLAIM NO EXCESS PAYABLE,1995,11,CPG00000002089_1
OTHER CLAIM NO EXCESS PAYABLE,1969,7,CPG00000002092_1
OTHER CLAIM NO EXCESS PAYABLE,2002,11,CPG00000002093_1
OTHER CLAIM NO EXCESS PAYABLE,2014,8,CPG00000002103_1
OTHER CLAIM NO EXCESS PAYABLE,2007,8,CPG00000002104_1
OTHER CLAIM NO EXCESS PAYABLE,2008,4,CPG00000002110_1
OTHER CLAIM NO EXCESS PAYABLE,2010,5,CPG00000002117_1
OTHER CLAIM NO EXCESS PAYABLE,2011,4,CPG00000002119_1
OTHER CLAIM NO EXCESS PAYABLE,1988,10,CPG0000000212_1
OTHER CLAIM NO EXCESS PAYABLE,2010,6,CPG00000002120_1
OTHER CLAIM NO EXCESS PAYABLE,1993,8,CPG00000002124_1
OTHER CLAIM NO EXCESS PAYABLE,2012,12,CPG00000002125_1
OTHER CLAIM NO EXCESS PAYABLE,1999,4,CPG00000002126_1
OTHER CLAIM NO EXCESS PAYABLE,2010,2,CPG00000002132_1
OTHER CLAIM NO EXCESS PAYABLE,1997,3,CPG00000002139_1
OTHER CLAIM NO EXCESS PAYABLE,2013,2,CPG00000002146_1
OTHER CLAIM NO EXCESS PAYABLE,1998,8,CPG00000002156_1
OTHER CLAIM NO EXCESS PAYABLE,1981,3,CPG00000002162_1
OTHER CLAIM NO EXCESS PAYABLE,1998,11,CPG00000002163_1
OTHER CLAIM NO EXCESS PAYABLE,2013,8,CPG00000002164_1
OTHER CLAIM NO EXCESS PAYABLE,1964,11,CPG00000002167_1
OTHER CLAIM NO EXCESS PAYABLE,2010,5,CPG00000002173_1
OTHER CLAIM NO EXCESS PAYABLE,2010,11,CPG00000002179_1
OTHER CLAIM NO EXCESS PAYABLE,2010,12,CPG0000000219_1
OTHER CLAIM NO EXCESS PAYABLE,2005,10,CPG00000002192_1
OTHER CLAIM NO EXCESS PAYABLE,2014,12,CPG00000002211_1
OTHER CLAIM NO EXCESS PAYABLE,2013,8,CPG00000002213_1
OTHER CLAIM NO EXCESS PAYABLE,2011,2,CPG00000002229_1
OTHER CLAIM NO EXCESS PAYABLE,2010,12,CPG00000002231_1
OTHER CLAIM NO EXCESS PAYABLE,2007,7,CPG00000002236_1
OTHER CLAIM NO EXCESS PAYABLE,2006,5,CPG0000000226_1
OTHER CLAIM NO EXCESS PAYABLE,1964,3,CPG00000002267_1
OTHER CLAIM NO EXCESS PAYABLE,2006,1,CPG00000002270_1
OTHER CLAIM NO EXCESS PAYABLE,2012,10,CPG00000002280_1
OTHER CLAIM NO EXCESS PAYABLE,2013,5,CPG00000002283_1
OTHER CLAIM NO EXCESS PAYABLE,2010,11,CPG00000002284_1
OTHER CLAIM NO EXCESS PAYABLE,1999,8,CPG00000002291_1
OTHER CLAIM NO EXCESS PAYABLE,2013,11,CPG00000002294_1
OTHER CLAIM NO EXCESS PAYABLE,2000,8,CPG00000002298_1
OTHER CLAIM NO EXCESS PAYABLE,1975,12,CPG00000002299_1
OTHER CLAIM NO EXCESS PAYABLE,1995,6,CPG00000002301_1
OTHER CLAIM NO EXCESS PAYABLE,2001,12,CPG00000002313_1
OTHER CLAIM NO EXCESS PAYABLE,2004,11,CPG00000002326_1
OTHER CLAIM NO EXCESS PAYABLE,2013,4,CPG00000002329_1
OTHER CLAIM NO EXCESS PAYABLE,1958,2,CPG00000002332_1
OTHER CLAIM NO EXCESS PAYABLE,1989,9,CPG00000002333_1
OTHER CLAIM NO EXCESS PAYABLE,2010,6,CPG00000002343_1
OTHER CLAIM NO EXCESS PAYABLE,2014,7,CPG00000002344_1
OTHER CLAIM NO EXCESS PAYABLE,2009,12,CPG00000002350_1
OTHER CLAIM NO EXCESS PAYABLE,1998,12,CPG00000002357_1
OTHER CLAIM NO EXCESS PAYABLE,2013,6,CPG00000002359_1
OTHER CLAIM NO EXCESS PAYABLE,1991,7,CPG0000000236_1
OTHER CLAIM NO EXCESS PAYABLE,1999,6,CPG00000002360_1
OTHER CLAIM NO EXCESS PAYABLE,2005,9,CPG00000002364_1
OTHER CLAIM NO EXCESS PAYABLE,1998,12,CPG00000002365_1
OTHER CLAIM NO EXCESS PAYABLE,2011,6,CPG00000002366_1
OTHER CLAIM NO EXCESS PAYABLE,2013,3,CPG00000002372_1
OTHER CLAIM NO EXCESS PAYABLE,2008,7,CPG00000002379_1
OTHER CLAIM NO EXCESS PAYABLE,2012,10,CPG00000002386_1
OTHER CLAIM NO EXCESS PAYABLE,1990,4,CPG00000002396_1
OTHER CLAIM NO EXCESS PAYABLE,2007,10,CPG00000002402_1
OTHER CLAIM NO EXCESS PAYABLE,2003,6,CPG00000002403_1
OTHER CLAIM NO EXCESS PAYABLE,2002,5,CPG00000002404_1
OTHER CLAIM NO EXCESS PAYABLE,2009,7,CPG00000002407_1
OTHER CLAIM NO EXCESS PAYABLE,2006,3,CPG00000002413_1
OTHER CLAIM NO EXCESS PAYABLE,2013,10,CPG00000002419_1
OTHER CLAIM NO EXCESS PAYABLE,2013,10,CPG0000000242_1
OTHER CLAIM NO EXCESS PAYABLE,2008,4,CPG0000000243_1
OTHER CLAIM NO EXCESS PAYABLE,2012,4,CPG00000002432_1
OTHER CLAIM NO EXCESS PAYABLE,2001,2,CPG0000000244_1
OTHER CLAIM NO EXCESS PAYABLE,2001,12,CPG00000002451_1
OTHER CLAIM NO EXCESS PAYABLE,2001,5,CPG00000002453_1
OTHER CLAIM NO EXCESS PAYABLE,1997,12,CPG00000002469_1
OTHER CLAIM NO EXCESS PAYABLE,2011,9,CPG0000000247_1
OTHER CLAIM NO EXCESS PAYABLE,2008,3,CPG00000002471_1
OTHER CLAIM NO EXCESS PAYABLE,2011,8,CPG00000002476_1
OTHER CLAIM NO EXCESS PAYABLE,2005,8,CPG00000002507_1
OTHER CLAIM NO EXCESS PAYABLE,2013,4,CPG00000002510_1
OTHER CLAIM NO EXCESS PAYABLE,2006,2,CPG00000002520_1
OTHER CLAIM NO EXCESS PAYABLE,2013,2,CPG00000002523_1
OTHER CLAIM NO EXCESS PAYABLE,2012,11,CPG00000002524_1
OTHER CLAIM NO EXCESS PAYABLE,2009,2,CPG0000000253_1
OTHER CLAIM NO EXCESS PAYABLE,2000,5,CPG00000002531_1
OTHER CLAIM NO EXCESS PAYABLE,1984,12,CPG00000002534_1
OTHER CLAIM NO EXCESS PAYABLE,2007,7,CPG00000002538_1
OTHER CLAIM NO EXCESS PAYABLE,2012,8,CPG00000002539_1
OTHER CLAIM NO EXCESS PAYABLE,2006,8,CPG00000002541_1
OTHER CLAIM NO EXCESS PAYABLE,1989,4,CPG00000002553_1
OTHER CLAIM NO EXCESS PAYABLE,2010,12,CPG00000002566_1
OTHER CLAIM NO EXCESS PAYABLE,2008,6,CPG00000002569_1
OTHER CLAIM NO EXCESS PAYABLE,2000,7,CPG00000002572_1
OTHER CLAIM NO EXCESS PAYABLE,1968,1,CPG00000002573_1
OTHER CLAIM NO EXCESS PAYABLE,2010,5,CPG00000002583_1
OTHER CLAIM NO EXCESS PAYABLE,2000,2,CPG00000002584_1
OTHER CLAIM NO EXCESS PAYABLE,1988,5,CPG0000000259_1
OTHER CLAIM NO EXCESS PAYABLE,1973,1,CPG00000002590_1
OTHER CLAIM NO EXCESS PAYABLE,2012,4,CPG00000002597_1
OTHER CLAIM NO EXCESS PAYABLE,2013,9,CPG00000002599_1
OTHER CLAIM NO EXCESS PAYABLE,2005,11,CPG00000002600_1
OTHER CLAIM NO EXCESS PAYABLE,2001,1,CPG00000002604_1
OTHER CLAIM NO EXCESS PAYABLE,2009,8,CPG00000002605_1
OTHER CLAIM NO EXCESS PAYABLE,2005,6,CPG00000002606_1
OTHER CLAIM NO EXCESS PAYABLE,1999,1,CPG00000002612_1
OTHER CLAIM NO EXCESS PAYABLE,2009,3,CPG00000002619_1
OTHER CLAIM NO EXCESS PAYABLE,2010,6,CPG00000002626_1
OTHER CLAIM NO EXCESS PAYABLE,2014,7,CPG00000002636_1
OTHER CLAIM NO EXCESS PAYABLE,2009,7,CPG00000002642_1
OTHER CLAIM NO EXCESS PAYABLE,2014,5,CPG00000002643_1
OTHER CLAIM NO EXCESS PAYABLE,2012,8,CPG00000002644_1
OTHER CLAIM NO EXCESS PAYABLE,2001,6,CPG00000002647_1
OTHER CLAIM NO EXCESS PAYABLE,2013,4,CPG00000002653_1
OTHER CLAIM NO EXCESS PAYABLE,2012,10,CPG00000002659_1
OTHER CLAIM NO EXCESS PAYABLE,2006,1,CPG00000002672_1
OTHER CLAIM NO EXCESS PAYABLE,2005,6,CPG00000002691_1
OTHER CLAIM NO EXCESS PAYABLE,2002,11,CPG00000002693_1
OTHER CLAIM NO EXCESS PAYABLE,2014,1,CPG00000002709_1
OTHER CLAIM NO EXCESS PAYABLE,2013,12,CPG00000002711_1
OTHER CLAIM NO EXCESS PAYABLE,2000,3,CPG00000002716_1
OTHER CLAIM NO EXCESS PAYABLE,1978,6,CPG0000000272_1
OTHER CLAIM NO EXCESS PAYABLE,2014,7,CPG00000002747_1
OTHER CLAIM NO EXCESS PAYABLE,2006,2,CPG00000002750_1
OTHER CLAIM NO EXCESS PAYABLE,2014,7,CPG00000002760_1
OTHER CLAIM NO EXCESS PAYABLE,2004,10,CPG00000002763_1
OTHER CLAIM NO EXCESS PAYABLE,2004,1,CPG00000002764_1
OTHER CLAIM NO EXCESS PAYABLE,2001,6,CPG00000002771_1
OTHER CLAIM NO EXCESS PAYABLE,1995,8,CPG00000002774_1
OTHER CLAIM NO EXCESS PAYABLE,2008,9,CPG00000002778_1
OTHER CLAIM NO EXCESS PAYABLE,2007,1,CPG00000002779_1
OTHER CLAIM NO EXCESS PAYABLE,2006,12,CPG00000002781_1
OTHER CLAIM NO EXCESS PAYABLE,2002,11,CPG00000002793_1
OTHER CLAIM NO EXCESS PAYABLE,1995,8,CPG00000002806_1
OTHER CLAIM NO EXCESS PAYABLE,2012,1,CPG00000002809_1
OTHER CLAIM NO EXCESS PAYABLE,2013,4,CPG00000002812_1
OTHER CLAIM NO EXCESS PAYABLE,2014,6,CPG00000002813_1
OTHER CLAIM NO EXCESS PAYABLE,2013,3,CPG00000002823_1
OTHER CLAIM NO EXCESS PAYABLE,2013,10,CPG00000002824_1
OTHER CLAIM NO EXCESS PAYABLE,2012,1,CPG00000002830_1
OTHER CLAIM NO EXCESS PAYABLE,2011,8,CPG00000002837_1
OTHER CLAIM NO EXCESS PAYABLE,2014,5,CPG00000002839_1
OTHER CLAIM NO EXCESS PAYABLE,2012,8,CPG00000002840_1
OTHER CLAIM NO EXCESS PAYABLE,2005,1,CPG00000002844_1
OTHER CLAIM NO EXCESS PAYABLE,2008,7,CPG00000002845_1
OTHER CLAIM NO EXCESS PAYABLE,2005,1,CPG00000002846_1
OTHER CLAIM NO EXCESS PAYABLE,2013,10,CPG00000002852_1
OTHER CLAIM NO EXCESS PAYABLE,1995,9,CPG00000002859_1
OTHER CLAIM NO EXCESS PAYABLE,2014,12,CPG00000002866_1
OTHER CLAIM NO EXCESS PAYABLE,2006,9,CPG00000002876_1
OTHER CLAIM NO EXCESS PAYABLE,2005,5,CPG00000002882_1
OTHER CLAIM NO EXCESS PAYABLE,1997,2,CPG00000002883_1
OTHER CLAIM NO EXCESS PAYABLE,2001,4,CPG00000002884_1
OTHER CLAIM NO EXCESS PAYABLE,1991,2,CPG00000002887_1
OTHER CLAIM NO EXCESS PAYABLE,2010,10,CPG00000002893_1
OTHER CLAIM NO EXCESS PAYABLE,2000,12,CPG00000002899_1
OTHER CLAIM NO EXCESS PAYABLE,2001,2,CPG0000000291_1
OTHER CLAIM NO EXCESS PAYABLE,2014,7,CPG00000002912_1
OTHER CLAIM NO EXCESS PAYABLE,2009,5,CPG0000000293_1
OTHER CLAIM NO EXCESS PAYABLE,1999,9,CPG00000002931_1
OTHER CLAIM NO EXCESS PAYABLE,1984,10,CPG00000002933_1
OTHER CLAIM NO EXCESS PAYABLE,2009,7,CPG00000002949_1
OTHER CLAIM NO EXCESS PAYABLE,2007,3,CPG00000002951_1
OTHER CLAIM NO EXCESS PAYABLE,2000,8,CPG00000002956_1
OTHER CLAIM NO EXCESS PAYABLE,2014,11,CPG00000002987_1
OTHER CLAIM NO EXCESS PAYABLE,2014,10,CPG00000002990_1
OTHER CLAIM NO EXCESS PAYABLE,1986,3,CPG00000003000_1
OTHER CLAIM NO EXCESS PAYABLE,1949,9,CPG00000003003_1
OTHER CLAIM NO EXCESS PAYABLE,2001,5,CPG00000003004_1
OTHER CLAIM NO EXCESS PAYABLE,2012,12,CPG00000003011_1
OTHER CLAIM NO EXCESS PAYABLE,2011,12,CPG00000003014_1
OTHER CLAIM NO EXCESS PAYABLE,1983,12,CPG00000003018_1
OTHER CLAIM NO EXCESS PAYABLE,2012,3,CPG00000003019_1
OTHER CLAIM NO EXCESS PAYABLE,1996,2,CPG00000003021_1
OTHER CLAIM NO EXCESS PAYABLE,2008,7,CPG00000003033_1
OTHER CLAIM NO EXCESS PAYABLE,2009,9,CPG00000003046_1
OTHER CLAIM NO EXCESS PAYABLE,1973,6,CPG00000003049_1
OTHER CLAIM NO EXCESS PAYABLE,2008,3,CPG00000003052_1
OTHER CLAIM NO EXCESS PAYABLE,2005,11,CPG00000003053_1
OTHER CLAIM NO EXCESS PAYABLE,2002,9,CPG00000003063_1
OTHER CLAIM NO EXCESS PAYABLE,1982,7,CPG00000003064_1
OTHER CLAIM NO EXCESS PAYABLE,1981,12,CPG00000003070_1
OTHER CLAIM NO EXCESS PAYABLE,2009,8,CPG00000003077_1
OTHER CLAIM NO EXCESS PAYABLE,1991,8,CPG00000003079_1
OTHER CLAIM NO EXCESS PAYABLE,2014,1,CPG00000003080_1
OTHER CLAIM NO EXCESS PAYABLE,2002,6,CPG00000003084_1
OTHER CLAIM NO EXCESS PAYABLE,2005,6,CPG00000003085_1
OTHER CLAIM NO EXCESS PAYABLE,2014,7,CPG00000003086_1
OTHER CLAIM NO EXCESS PAYABLE,2011,12,CPG0000000309_1
OTHER CLAIM NO EXCESS PAYABLE,2010,8,CPG00000003092_1
OTHER CLAIM NO EXCESS PAYABLE,1998,4,CPG00000003099_1
OTHER CLAIM NO EXCESS PAYABLE,2009,3,CPG00000003106_1
OTHER CLAIM NO EXCESS PAYABLE,2014,6,CPG0000000311_1
OTHER CLAIM NO EXCESS PAYABLE,2011,2,CPG00000003116_1
OTHER CLAIM NO EXCESS PAYABLE,2013,6,CPG00000003122_1
OTHER CLAIM NO EXCESS PAYABLE,1984,5,CPG00000003123_1
OTHER CLAIM NO EXCESS PAYABLE,2014,7,CPG00000003124_1
OTHER CLAIM NO EXCESS PAYABLE,2012,1,CPG00000003127_1
OTHER CLAIM NO EXCESS PAYABLE,2005,3,CPG00000003133_1
OTHER CLAIM NO EXCESS PAYABLE,2012,5,CPG00000003139_1
OTHER CLAIM NO EXCESS PAYABLE,1995,4,CPG00000003152_1
OTHER CLAIM NO EXCESS PAYABLE,2012,1,CPG0000000316_1
OTHER CLAIM NO EXCESS PAYABLE,2001,9,CPG00000003171_1
OTHER CLAIM NO EXCESS PAYABLE,2013,8,CPG00000003173_1
OTHER CLAIM NO EXCESS PAYABLE,2012,9,CPG00000003189_1
OTHER CLAIM NO EXCESS PAYABLE,2000,9,CPG00000003191_1
OTHER CLAIM NO EXCESS PAYABLE,2010,10,CPG00000003196_1
OTHER CLAIM NO EXCESS PAYABLE,2010,11,CPG000000032_1
OTHER CLAIM NO EXCESS PAYABLE,2011,6,CPG00000003227_1
OTHER CLAIM NO EXCESS PAYABLE,2010,11,CPG00000003230_1
OTHER CLAIM NO EXCESS PAYABLE,2000,8,CPG00000003240_1
OTHER CLAIM NO EXCESS PAYABLE,2012,12,CPG00000003243_1
OTHER CLAIM NO EXCESS PAYABLE,2001,1,CPG00000003244_1
OTHER CLAIM NO EXCESS PAYABLE,2001,10,CPG00000003251_1
OTHER CLAIM NO EXCESS PAYABLE,1979,11,CPG00000003254_1
OTHER CLAIM NO EXCESS PAYABLE,2010,3,CPG00000003258_1
OTHER CLAIM NO EXCESS PAYABLE,1989,2,CPG00000003259_1
OTHER CLAIM NO EXCESS PAYABLE,2012,3,CPG00000003261_1
OTHER CLAIM NO EXCESS PAYABLE,2010,5,CPG00000003273_1
OTHER CLAIM NO EXCESS PAYABLE,1997,1,CPG00000003286_1
OTHER CLAIM NO EXCESS PAYABLE,2013,1,CPG00000003289_1
OTHER CLAIM NO EXCESS PAYABLE,2014,7,CPG00000003292_1
OTHER CLAIM NO EXCESS PAYABLE,2011,1,CPG00000003293_1
OTHER CLAIM NO EXCESS PAYABLE,2013,8,CPG00000003303_1
OTHER CLAIM NO EXCESS PAYABLE,1982,10,CPG00000003304_1
OTHER CLAIM NO EXCESS PAYABLE,2008,5,CPG00000003310_1
OTHER CLAIM NO EXCESS PAYABLE,2009,7,CPG00000003317_1
OTHER CLAIM NO EXCESS PAYABLE,2004,3,CPG00000003319_1
OTHER CLAIM NO EXCESS PAYABLE,2014,9,CPG00000003320_1
OTHER CLAIM NO EXCESS PAYABLE,1998,4,CPG00000003324_1
OTHER CLAIM NO EXCESS PAYABLE,2013,4,CPG00000003325_1
OTHER CLAIM NO EXCESS PAYABLE,2013,11,CPG00000003326_1
OTHER CLAIM NO EXCESS PAYABLE,2014,1,CPG00000003332_1
OTHER CLAIM NO EXCESS PAYABLE,2009,4,CPG00000003339_1
OTHER CLAIM NO EXCESS PAYABLE,1988,3,CPG00000003346_1
OTHER CLAIM NO EXCESS PAYABLE,2002,6,CPG00000003356_1
OTHER CLAIM NO EXCESS PAYABLE,1994,6,CPG00000003362_1
OTHER CLAIM NO EXCESS PAYABLE,1964,1,CPG00000003363_1
OTHER CLAIM NO EXCESS PAYABLE,2011,3,CPG00000003364_1
OTHER CLAIM NO EXCESS PAYABLE,2007,6,CPG00000003367_1
OTHER CLAIM NO EXCESS PAYABLE,2005,8,CPG00000003373_1
OTHER CLAIM NO EXCESS PAYABLE,1975,11,CPG00000003379_1
OTHER CLAIM NO EXCESS PAYABLE,2014,6,CPG00000003392_1
OTHER CLAIM NO EXCESS PAYABLE,1973,12,CPG00000003411_1
OTHER CLAIM NO EXCESS PAYABLE,2007,2,CPG00000003413_1
OTHER CLAIM NO EXCESS PAYABLE,1983,11,CPG00000003429_1
OTHER CLAIM NO EXCESS PAYABLE,2006,10,CPG00000003431_1
OTHER CLAIM NO EXCESS PAYABLE,2002,8,CPG00000003436_1
OTHER CLAIM NO EXCESS PAYABLE,1979,3,CPG00000003467_1
OTHER CLAIM NO EXCESS PAYABLE,2014,12,CPG0000000347_1
OTHER CLAIM NO EXCESS PAYABLE,1989,7,CPG00000003470_1
OTHER CLAIM NO EXCESS PAYABLE,2006,6,CPG00000003480_1
OTHER CLAIM NO EXCESS PAYABLE,2005,5,CPG00000003483_1
OTHER CLAIM NO EXCESS PAYABLE,2002,7,CPG00000003484_1
OTHER CLAIM NO EXCESS PAYABLE,1997,2,CPG00000003491_1
OTHER CLAIM NO EXCESS PAYABLE,2012,10,CPG00000003494_1
OTHER CLAIM NO EXCESS PAYABLE,2002,5,CPG00000003498_1
OTHER CLAIM NO EXCESS PAYABLE,2012,5,CPG00000003499_1
OTHER CLAIM NO EXCESS PAYABLE,2010,10,CPG0000000350_1
OTHER CLAIM NO EXCESS PAYABLE,2004,1,CPG00000003501_1
OTHER CLAIM NO EXCESS PAYABLE,2013,4,CPG00000003513_1
OTHER CLAIM NO EXCESS PAYABLE,2013,7,CPG00000003526_1
OTHER CLAIM NO EXCESS PAYABLE,2006,11,CPG00000003529_1
OTHER CLAIM NO EXCESS PAYABLE,2014,11,CPG00000003532_1
OTHER CLAIM NO EXCESS PAYABLE,2007,2,CPG00000003533_1
OTHER CLAIM NO EXCESS PAYABLE,2004,12,CPG00000003543_1
OTHER CLAIM NO EXCESS PAYABLE,2013,2,CPG00000003544_1
OTHER CLAIM NO EXCESS PAYABLE,1996,4,CPG00000003550_1
OTHER CLAIM NO EXCESS PAYABLE,1987,11,CPG00000003557_1
OTHER CLAIM NO EXCESS PAYABLE,2011,8,CPG00000003559_1
OTHER CLAIM NO EXCESS PAYABLE,2011,3,CPG00000003560_1
OTHER CLAIM NO EXCESS PAYABLE,1962,12,CPG00000003564_1
OTHER CLAIM NO EXCESS PAYABLE,2010,5,CPG00000003565_1
OTHER CLAIM NO EXCESS PAYABLE,1965,8,CPG00000003566_1
OTHER CLAIM NO EXCESS PAYABLE,2012,7,CPG00000003572_1
OTHER CLAIM NO EXCESS PAYABLE,2008,6,CPG00000003579_1
OTHER CLAIM NO EXCESS PAYABLE,2009,8,CPG00000003586_1
OTHER CLAIM NO EXCESS PAYABLE,2014,4,CPG00000003596_1
OTHER CLAIM NO EXCESS PAYABLE,2005,11,CPG0000000360_1
OTHER CLAIM NO EXCESS PAYABLE,2012,7,CPG00000003602_1
OTHER CLAIM NO EXCESS PAYABLE,1986,5,CPG00000003603_1
OTHER CLAIM NO EXCESS PAYABLE,2005,2,CPG00000003604_1
OTHER CLAIM NO EXCESS PAYABLE,2009,4,CPG00000003607_1
OTHER CLAIM NO EXCESS PAYABLE,2013,5,CPG00000003613_1
OTHER CLAIM NO EXCESS PAYABLE,2008,7,CPG00000003619_1
OTHER CLAIM NO EXCESS PAYABLE,2008,9,CPG0000000363_1
OTHER CLAIM NO EXCESS PAYABLE,2004,8,CPG00000003632_1
OTHER CLAIM NO EXCESS PAYABLE,2013,12,CPG0000000364_1
OTHER CLAIM NO EXCESS PAYABLE,2005,3,CPG00000003651_1
OTHER CLAIM NO EXCESS PAYABLE,1994,8,CPG00000003653_1
OTHER CLAIM NO EXCESS PAYABLE,2012,2,CPG00000003669_1
OTHER CLAIM NO EXCESS PAYABLE,1988,4,CPG00000003671_1
OTHER CLAIM NO EXCESS PAYABLE,2009,6,CPG00000003676_1
OTHER CLAIM NO EXCESS PAYABLE,2007,2,CPG00000003707_1
OTHER CLAIM NO EXCESS PAYABLE,1999,3,CPG0000000371_1
OTHER CLAIM NO EXCESS PAYABLE,1997,1,CPG00000003710_1
OTHER CLAIM NO EXCESS PAYABLE,2002,7,CPG00000003720_1
OTHER CLAIM NO EXCESS PAYABLE,2004,1,CPG00000003723_1
OTHER CLAIM NO EXCESS PAYABLE,2005,1,CPG00000003724_1
OTHER CLAIM NO EXCESS PAYABLE,2004,3,CPG00000003731_1
OTHER CLAIM NO EXCESS PAYABLE,2010,8,CPG00000003734_1
OTHER CLAIM NO EXCESS PAYABLE,2007,12,CPG00000003738_1
OTHER CLAIM NO EXCESS PAYABLE,2013,11,CPG00000003739_1
OTHER CLAIM NO EXCESS PAYABLE,2012,7,CPG0000000374_1
OTHER CLAIM NO EXCESS PAYABLE,2000,6,CPG00000003741_1
OTHER CLAIM NO EXCESS PAYABLE,2009,9,CPG00000003753_1
OTHER CLAIM NO EXCESS PAYABLE,2012,5,CPG00000003766_1
OTHER CLAIM NO EXCESS PAYABLE,2003,9,CPG00000003769_1
OTHER CLAIM NO EXCESS PAYABLE,2005,8,CPG00000003772_1
OTHER CLAIM NO EXCESS PAYABLE,2009,4,CPG00000003773_1
OTHER CLAIM NO EXCESS PAYABLE,1982,3,CPG0000000378_1
OTHER CLAIM NO EXCESS PAYABLE,2008,11,CPG00000003783_1
OTHER CLAIM NO EXCESS PAYABLE,1986,1,CPG00000003784_1
OTHER CLAIM NO EXCESS PAYABLE,1961,7,CPG0000000379_1
OTHER CLAIM NO EXCESS PAYABLE,2005,7,CPG00000003790_1
OTHER CLAIM NO EXCESS PAYABLE,2014,10,CPG00000003797_1
OTHER CLAIM NO EXCESS PAYABLE,2012,9,CPG00000003799_1
OTHER CLAIM NO EXCESS PAYABLE,1995,9,CPG00000003800_1
OTHER CLAIM NO EXCESS PAYABLE,1982,3,CPG00000003804_1
OTHER CLAIM NO EXCESS PAYABLE,1997,3,CPG00000003805_1
OTHER CLAIM NO EXCESS PAYABLE,2002,12,CPG00000003806_1
OTHER CLAIM NO EXCESS PAYABLE,2012,10,CPG0000000381_1
OTHER CLAIM NO EXCESS PAYABLE,1983,7,CPG00000003812_1
OTHER CLAIM NO EXCESS PAYABLE,1979,6,CPG00000003819_1
OTHER CLAIM NO EXCESS PAYABLE,2003,5,CPG00000003826_1
OTHER CLAIM NO EXCESS PAYABLE,1988,8,CPG00000003836_1
OTHER CLAIM NO EXCESS PAYABLE,1999,2,CPG0000000393_1
OTHER CLAIM NO EXCESS PAYABLE,2005,8,CPG00000004_1
OTHER CLAIM NO EXCESS PAYABLE,1996,5,CPG0000000406_1
OTHER CLAIM NO EXCESS PAYABLE,2009,11,CPG0000000409_1
OTHER CLAIM NO EXCESS PAYABLE,2012,1,CPG0000000412_1
OTHER CLAIM NO EXCESS PAYABLE,2001,9,CPG0000000413_1
OTHER CLAIM NO EXCESS PAYABLE,2004,7,CPG0000000423_1
OTHER CLAIM NO EXCESS PAYABLE,2012,2,CPG0000000424_1
OTHER CLAIM NO EXCESS PAYABLE,2011,5,CPG0000000430_1
OTHER CLAIM NO EXCESS PAYABLE,2009,1,CPG0000000437_1
OTHER CLAIM NO EXCESS PAYABLE,2014,12,CPG0000000439_1
OTHER CLAIM NO EXCESS PAYABLE,1997,2,CPG0000000440_1
OTHER CLAIM NO EXCESS PAYABLE,1987,6,CPG0000000444_1
OTHER CLAIM NO EXCESS PAYABLE,2009,9,CPG0000000445_1
OTHER CLAIM NO EXCESS PAYABLE,2014,5,CPG0000000446_1
OTHER CLAIM NO EXCESS PAYABLE,2012,5,CPG0000000452_1
OTHER CLAIM NO EXCESS PAYABLE,2007,2,CPG0000000459_1
OTHER CLAIM NO EXCESS PAYABLE,1977,10,CPG0000000466_1
OTHER CLAIM NO EXCESS PAYABLE,2014,5,CPG0000000476_1
OTHER CLAIM NO EXCESS PAYABLE,2008,5,CPG0000000482_1
OTHER CLAIM NO EXCESS PAYABLE,2010,7,CPG0000000483_1
OTHER CLAIM NO EXCESS PAYABLE,2004,5,CPG0000000484_1
OTHER CLAIM NO EXCESS PAYABLE,2005,7,CPG0000000487_1
OTHER CLAIM NO EXCESS PAYABLE,2013,9,CPG0000000493_1
OTHER CLAIM NO EXCESS PAYABLE,2013,1,CPG0000000499_1
OTHER CLAIM NO EXCESS PAYABLE,2012,5,CPG000000051_1
OTHER CLAIM NO EXCESS PAYABLE,2004,1,CPG0000000512_1
OTHER CLAIM NO EXCESS PAYABLE,2014,8,CPG000000053_1
OTHER CLAIM NO EXCESS PAYABLE,2003,6,CPG0000000531_1
OTHER CLAIM NO EXCESS PAYABLE,2001,5,CPG0000000533_1
OTHER CLAIM NO EXCESS PAYABLE,2011,6,CPG0000000549_1
OTHER CLAIM NO EXCESS PAYABLE,1989,7,CPG0000000551_1
OTHER CLAIM NO EXCESS PAYABLE,2008,4,CPG0000000556_1
OTHER CLAIM NO EXCESS PAYABLE,2002,10,CPG0000000587_1
OTHER CLAIM NO EXCESS PAYABLE,2012,11,CPG0000000590_1
OTHER CLAIM NO EXCESS PAYABLE,2013,5,CPG0000000600_1
OTHER CLAIM NO EXCESS PAYABLE,2012,12,CPG0000000603_1
OTHER CLAIM NO EXCESS PAYABLE,2014,6,CPG0000000604_1
OTHER CLAIM NO EXCESS PAYABLE,2008,9,CPG0000000611_1
OTHER CLAIM NO EXCESS PAYABLE,2007,12,CPG0000000614_1
OTHER CLAIM NO EXCESS PAYABLE,2007,11,CPG0000000618_1
OTHER CLAIM NO EXCESS PAYABLE,2014,5,CPG0000000619_1
OTHER CLAIM NO EXCESS PAYABLE,2003,8,CPG0000000621_1
OTHER CLAIM NO EXCESS PAYABLE,2004,3,CPG0000000633_1
OTHER CLAIM NO EXCESS PAYABLE,2006,5,CPG0000000646_1
OTHER CLAIM NO EXCESS PAYABLE,2010,8,CPG0000000649_1
OTHER CLAIM NO EXCESS PAYABLE,2011,10,CPG0000000652_1
OTHER CLAIM NO EXCESS PAYABLE,2014,11,CPG0000000653_1
OTHER CLAIM NO EXCESS PAYABLE,1998,3,CPG0000000663_1
OTHER CLAIM NO EXCESS PAYABLE,2011,5,CPG0000000664_1
OTHER CLAIM NO EXCESS PAYABLE,2000,11,CPG0000000670_1
OTHER CLAIM NO EXCESS PAYABLE,1998,8,CPG0000000677_1
OTHER CLAIM NO EXCESS PAYABLE,2013,4,CPG0000000679_1
OTHER CLAIM NO EXCESS PAYABLE,2013,6,CPG0000000680_1
OTHER CLAIM NO EXCESS PAYABLE,1981,7,CPG0000000684_1
OTHER CLAIM NO EXCESS PAYABLE,2011,6,CPG0000000685_1
OTHER CLAIM NO EXCESS PAYABLE,1987,1,CPG0000000686_1
OTHER CLAIM NO EXCESS PAYABLE,2007,9,CPG000000069_1
OTHER CLAIM NO EXCESS PAYABLE,2005,3,CPG0000000692_1
OTHER CLAIM NO EXCESS PAYABLE,2004,11,CPG0000000699_1
OTHER CLAIM NO EXCESS PAYABLE,2006,5,CPG00000007_1
OTHER CLAIM NO EXCESS PAYABLE,2013,12,CPG0000000706_1
OTHER CLAIM NO EXCESS PAYABLE,2013,2,CPG000000071_1
OTHER CLAIM NO EXCESS PAYABLE,1986,9,CPG0000000716_1
OTHER CLAIM NO EXCESS PAYABLE,2003,12,CPG0000000722_1
OTHER CLAIM NO EXCESS PAYABLE,1976,2,CPG0000000723_1
OTHER CLAIM NO EXCESS PAYABLE,2012,11,CPG0000000724_1
OTHER CLAIM NO EXCESS PAYABLE,2010,7,CPG0000000727_1
OTHER CLAIM NO EXCESS PAYABLE,2011,8,CPG0000000733_1
OTHER CLAIM NO EXCESS PAYABLE,2007,6,CPG0000000739_1
OTHER CLAIM NO EXCESS PAYABLE,2007,2,CPG0000000752_1
OTHER CLAIM NO EXCESS PAYABLE,1997,3,CPG000000076_1
OTHER CLAIM NO EXCESS PAYABLE,2014,4,CPG0000000771_1
OTHER CLAIM NO EXCESS PAYABLE,2000,10,CPG0000000773_1
OTHER CLAIM NO EXCESS PAYABLE,2002,4,CPG0000000789_1
OTHER CLAIM NO EXCESS PAYABLE,2013,8,CPG0000000791_1
OTHER CLAIM NO EXCESS PAYABLE,2007,4,CPG0000000796_1
OTHER CLAIM NO EXCESS PAYABLE,1997,8,CPG0000000827_1
OTHER CLAIM NO EXCESS PAYABLE,1999,12,CPG0000000830_1
OTHER CLAIM NO EXCESS PAYABLE,2002,11,CPG0000000840_1
OTHER CLAIM NO EXCESS PAYABLE,2008,5,CPG0000000843_1
OTHER CLAIM NO EXCESS PAYABLE,1984,11,CPG0000000844_1
OTHER CLAIM NO EXCESS PAYABLE,2014,3,CPG0000000851_1
OTHER CLAIM NO EXCESS PAYABLE,2004,9,CPG0000000854_1
OTHER CLAIM NO EXCESS PAYABLE,2011,3,CPG0000000858_1
OTHER CLAIM NO EXCESS PAYABLE,1989,3,CPG0000000859_1
OTHER CLAIM NO EXCESS PAYABLE,2005,2,CPG0000000861_1
OTHER CLAIM NO EXCESS PAYABLE,2014,3,CPG0000000873_1
OTHER CLAIM NO EXCESS PAYABLE,2005,6,CPG0000000886_1
OTHER CLAIM NO EXCESS PAYABLE,2001,8,CPG0000000889_1
OTHER CLAIM NO EXCESS PAYABLE,2009,6,CPG0000000892_1
OTHER CLAIM NO EXCESS PAYABLE,2013,2,CPG0000000893_1
OTHER CLAIM NO EXCESS PAYABLE,2014,6,CPG0000000903_1
OTHER CLAIM NO EXCESS PAYABLE,1984,5,CPG0000000904_1
OTHER CLAIM NO EXCESS PAYABLE,2011,8,CPG0000000910_1
OTHER CLAIM NO EXCESS PAYABLE,1967,12,CPG0000000917_1
OTHER CLAIM NO EXCESS PAYABLE,1998,9,CPG0000000919_1
OTHER CLAIM NO EXCESS PAYABLE,2007,11,CPG0000000920_1
OTHER CLAIM NO EXCESS PAYABLE,1984,12,CPG0000000924_1
OTHER CLAIM NO EXCESS PAYABLE,1999,10,CPG0000000925_1
OTHER CLAIM NO EXCESS PAYABLE,2014,9,CPG0000000926_1
OTHER CLAIM NO EXCESS PAYABLE,2000,10,CPG0000000932_1
OTHER CLAIM NO EXCESS PAYABLE,2013,9,CPG0000000939_1
OTHER CLAIM NO EXCESS PAYABLE,2013,12,CPG0000000946_1
OTHER CLAIM NO EXCESS PAYABLE,1999,7,CPG0000000956_1
OTHER CLAIM NO EXCESS PAYABLE,2008,2,CPG0000000962_1
OTHER CLAIM NO EXCESS PAYABLE,2000,2,CPG0000000963_1
OTHER CLAIM NO EXCESS PAYABLE,2010,1,CPG0000000964_1
OTHER CLAIM NO EXCESS PAYABLE,2009,3,CPG0000000967_1
OTHER CLAIM NO EXCESS PAYABLE,1995,2,CPG0000000973_1
OTHER CLAIM NO EXCESS PAYABLE,1987,1,CPG0000000979_1
OTHER CLAIM NO EXCESS PAYABLE,2002,12,CPG0000000992_1
