PolicyRiskSubitemID,MainExcessType,CNTExcessType,AXEExcessType,CNTExcess,MainExcess,PaymentMode,AXEExcess,PremiumVariationID
CPG00000001011,VOLUNTARY,VOLUNTARY,,600,600,MONTHLY,,MONTHLY600
CPG00000001013,VOLUNTARY,VOLUNTARY,,600,1000,ANNUAL,,ANNUAL1000
CPG00000001029,STANDARD,VOLUNTARY,VOLUNTARY,1000,200,MONTHLY,600,MONTHLY200
CPG00000001031,STANDARD,STANDARD,,200,200,MONTHLY,,MONTHLY200
CPG00000001036,STANDARD,STANDARD,VOLUNTARY,200,200,ANNUAL,600,ANNUAL200
CPG00000001067,VOLUNTARY,VOLUNTARY,STANDARD,600,600,ANNUAL,200,ANNUAL600
CPG0000000107,VOLUNTARY,VOLUNTARY,,600,600,MONTHLY,,MONTHLY600
CPG00000001070,STANDARD,VOLUNTARY,VOLUNTARY,1000,200,MONTHLY,1000,MONTHLY200
CPG00000001080,VOLUNTARY,VOLUNTARY,,1000,600,ANNUAL,,ANNUAL600
CPG00000001083,VOLUNTARY,VOLUNTARY,VOLUNTARY,600,600,YEARLY,1000,YEARLY600
CPG00000001084,VOLUNTARY,STANDARD,STANDARD,200,600,ANNUAL,200,ANNUAL600
CPG00000001091,VOLUNTARY,VOLUNTARY,VOLUNTARY,1000,1000,ANNUAL,600,ANNUAL1000
CPG00000001094,VOLUNTARY,STANDARD,VOLUNTARY,200,1000,ANNUAL,1000,ANNUAL1000
CPG00000001098,VOLUNTARY,STANDARD,VOLUNTARY,200,1000,MONTHLY,600,MONTHLY1000
CPG00000001099,VOLUNTARY,STANDARD,,200,600,ANNUAL,,ANNUAL600
CPG0000000110,VOLUNTARY,VOLUNTARY,VOLUNTARY,600,600,ANNUAL,1000,ANNUAL600
CPG00000001101,STANDARD,VOLUNTARY,VOLUNTARY,600,200,MONTHLY,1000,MONTHLY200
CPG00000001113,VOLUNTARY,VOLUNTARY,,1000,1000,MONTHLY,,MONTHLY1000
CPG00000001126,VOLUNTARY,STANDARD,STANDARD,200,600,MONTHLY,200,MONTHLY600
CPG00000001129,STANDARD,VOLUNTARY,,600,200,MONTHLY,,MONTHLY200
CPG00000001132,STANDARD,STANDARD,,200,200,MONTHLY,,MONTHLY200
CPG00000001133,STANDARD,STANDARD,,200,200,YEARLY,,YEARLY200
CPG00000001143,VOLUNTARY,VOLUNTARY,,1000,600,YEARLY,,YEARLY600
CPG00000001144,VOLUNTARY,STANDARD,,200,1000,YEARLY,,YEARLY1000
CPG00000001150,VOLUNTARY,VOLUNTARY,VOLUNTARY,1000,1000,MONTHLY,600,MONTHLY1000
CPG00000001157,STANDARD,VOLUNTARY,VOLUNTARY,600,200,ANNUAL,600,ANNUAL200
CPG00000001159,STANDARD,VOLUNTARY,,1000,200,MONTHLY,,MONTHLY200
CPG00000001160,STANDARD,VOLUNTARY,VOLUNTARY,1000,200,ANNUAL,600,ANNUAL200
CPG00000001164,VOLUNTARY,STANDARD,,200,1000,YEARLY,,YEARLY1000
CPG00000001165,VOLUNTARY,VOLUNTARY,STANDARD,600,1000,YEARLY,200,YEARLY1000
CPG00000001166,VOLUNTARY,VOLUNTARY,,600,600,MONTHLY,,MONTHLY600
CPG00000001172,VOLUNTARY,VOLUNTARY,VOLUNTARY,1000,1000,MONTHLY,600,MONTHLY1000
CPG00000001179,VOLUNTARY,VOLUNTARY,,600,600,ANNUAL,,ANNUAL600
CPG00000001186,STANDARD,VOLUNTARY,,600,200,MONTHLY,,MONTHLY200
CPG00000001196,STANDARD,STANDARD,,200,200,ANNUAL,,ANNUAL200
CPG0000000120,STANDARD,VOLUNTARY,,1000,200,ANNUAL,,ANNUAL200
CPG00000001202,VOLUNTARY,STANDARD,,200,600,ANNUAL,,ANNUAL600
CPG00000001203,VOLUNTARY,VOLUNTARY,,600,1000,YEARLY,,YEARLY1000
CPG00000001204,STANDARD,VOLUNTARY,,600,200,YEARLY,,YEARLY200
CPG00000001207,STANDARD,STANDARD,STANDARD,200,200,YEARLY,200,YEARLY200
CPG00000001213,VOLUNTARY,VOLUNTARY,STANDARD,1000,1000,MONTHLY,200,MONTHLY1000
CPG00000001219,VOLUNTARY,VOLUNTARY,STANDARD,600,1000,ANNUAL,200,ANNUAL1000
CPG0000000123,STANDARD,VOLUNTARY,,600,200,ANNUAL,,ANNUAL200
CPG00000001232,STANDARD,VOLUNTARY,,1000,200,YEARLY,,YEARLY200
CPG0000000124,STANDARD,VOLUNTARY,STANDARD,600,200,YEARLY,200,YEARLY200
CPG00000001251,VOLUNTARY,STANDARD,,200,600,YEARLY,,YEARLY600
CPG00000001253,STANDARD,VOLUNTARY,,1000,200,ANNUAL,,ANNUAL200
CPG00000001269,STANDARD,STANDARD,,200,200,MONTHLY,,MONTHLY200
CPG00000001271,VOLUNTARY,STANDARD,STANDARD,200,600,MONTHLY,200,MONTHLY600
CPG00000001276,VOLUNTARY,STANDARD,VOLUNTARY,200,1000,MONTHLY,1000,MONTHLY1000
CPG000000013,VOLUNTARY,STANDARD,VOLUNTARY,200,600,MONTHLY,1000,MONTHLY600
CPG00000001307,VOLUNTARY,STANDARD,,200,600,YEARLY,,YEARLY600
CPG0000000131,VOLUNTARY,VOLUNTARY,VOLUNTARY,1000,600,ANNUAL,600,ANNUAL600
CPG00000001310,VOLUNTARY,VOLUNTARY,VOLUNTARY,1000,600,ANNUAL,600,ANNUAL600
CPG00000001320,STANDARD,VOLUNTARY,,1000,200,YEARLY,,YEARLY200
CPG00000001323,VOLUNTARY,VOLUNTARY,VOLUNTARY,1000,1000,YEARLY,600,YEARLY1000
CPG00000001324,VOLUNTARY,STANDARD,,200,1000,ANNUAL,,ANNUAL1000
CPG00000001331,VOLUNTARY,VOLUNTARY,,1000,1000,ANNUAL,,ANNUAL1000
CPG00000001334,STANDARD,VOLUNTARY,,1000,200,YEARLY,,YEARLY200
CPG00000001338,VOLUNTARY,VOLUNTARY,,1000,600,ANNUAL,,ANNUAL600
CPG00000001339,VOLUNTARY,VOLUNTARY,,1000,1000,MONTHLY,,MONTHLY1000
CPG0000000134,VOLUNTARY,VOLUNTARY,STANDARD,600,1000,ANNUAL,200,ANNUAL1000
CPG00000001341,VOLUNTARY,VOLUNTARY,VOLUNTARY,1000,1000,ANNUAL,1000,ANNUAL1000
CPG00000001353,STANDARD,VOLUNTARY,VOLUNTARY,1000,200,YEARLY,1000,YEARLY200
CPG00000001366,STANDARD,VOLUNTARY,,1000,200,ANNUAL,,ANNUAL200
CPG00000001369,VOLUNTARY,VOLUNTARY,VOLUNTARY,1000,1000,YEARLY,600,YEARLY1000
CPG00000001372,VOLUNTARY,STANDARD,STANDARD,200,1000,YEARLY,200,YEARLY1000
CPG00000001373,VOLUNTARY,VOLUNTARY,,600,1000,YEARLY,,YEARLY1000
CPG0000000138,VOLUNTARY,STANDARD,STANDARD,200,1000,MONTHLY,200,MONTHLY1000
CPG00000001383,VOLUNTARY,VOLUNTARY,,1000,1000,ANNUAL,,ANNUAL1000
CPG00000001384,VOLUNTARY,VOLUNTARY,,1000,1000,MONTHLY,,MONTHLY1000
CPG0000000139,VOLUNTARY,VOLUNTARY,STANDARD,1000,600,YEARLY,200,YEARLY600
CPG00000001390,VOLUNTARY,VOLUNTARY,,600,1000,YEARLY,,YEARLY1000
CPG00000001397,VOLUNTARY,VOLUNTARY,,1000,1000,ANNUAL,,ANNUAL1000
CPG00000001399,STANDARD,STANDARD,,200,200,YEARLY,,YEARLY200
CPG00000001400,VOLUNTARY,VOLUNTARY,,600,1000,YEARLY,,YEARLY1000
CPG00000001404,VOLUNTARY,VOLUNTARY,VOLUNTARY,600,1000,MONTHLY,600,MONTHLY1000
CPG00000001405,STANDARD,VOLUNTARY,VOLUNTARY,1000,200,MONTHLY,600,MONTHLY200
CPG00000001406,VOLUNTARY,STANDARD,VOLUNTARY,200,600,ANNUAL,1000,ANNUAL600
CPG0000000141,VOLUNTARY,VOLUNTARY,,600,1000,ANNUAL,,ANNUAL1000
CPG00000001412,VOLUNTARY,STANDARD,,200,600,MONTHLY,,MONTHLY600
CPG00000001419,VOLUNTARY,VOLUNTARY,VOLUNTARY,600,1000,MONTHLY,1000,MONTHLY1000
CPG00000001426,VOLUNTARY,STANDARD,,200,1000,ANNUAL,,ANNUAL1000
CPG00000001436,STANDARD,VOLUNTARY,VOLUNTARY,600,200,MONTHLY,600,MONTHLY200
CPG00000001442,VOLUNTARY,STANDARD,STANDARD,200,1000,ANNUAL,200,ANNUAL1000
CPG00000001443,VOLUNTARY,VOLUNTARY,,1000,1000,ANNUAL,,ANNUAL1000
CPG00000001444,STANDARD,VOLUNTARY,VOLUNTARY,1000,200,ANNUAL,1000,ANNUAL200
CPG00000001447,VOLUNTARY,VOLUNTARY,,600,600,ANNUAL,,ANNUAL600
CPG00000001453,VOLUNTARY,STANDARD,VOLUNTARY,200,600,ANNUAL,600,ANNUAL600
CPG00000001459,VOLUNTARY,STANDARD,VOLUNTARY,200,1000,MONTHLY,600,MONTHLY1000
CPG00000001472,VOLUNTARY,STANDARD,,200,600,ANNUAL,,ANNUAL600
CPG00000001491,VOLUNTARY,VOLUNTARY,,600,600,YEARLY,,YEARLY600
CPG00000001493,VOLUNTARY,STANDARD,,200,1000,ANNUAL,,ANNUAL1000
CPG00000001509,STANDARD,VOLUNTARY,,600,200,YEARLY,,YEARLY200
CPG00000001511,VOLUNTARY,VOLUNTARY,,600,600,ANNUAL,,ANNUAL600
CPG00000001516,VOLUNTARY,STANDARD,VOLUNTARY,200,600,MONTHLY,600,MONTHLY600
CPG0000000153,VOLUNTARY,STANDARD,,200,600,YEARLY,,YEARLY600
CPG00000001547,STANDARD,VOLUNTARY,,1000,200,ANNUAL,,ANNUAL200
CPG00000001550,VOLUNTARY,VOLUNTARY,,1000,1000,ANNUAL,,ANNUAL1000
CPG00000001560,VOLUNTARY,VOLUNTARY,,1000,600,ANNUAL,,ANNUAL600
CPG00000001563,STANDARD,VOLUNTARY,STANDARD,1000,200,YEARLY,200,YEARLY200
CPG00000001564,STANDARD,STANDARD,VOLUNTARY,200,200,MONTHLY,1000,MONTHLY200
CPG00000001571,STANDARD,VOLUNTARY,STANDARD,600,200,MONTHLY,200,MONTHLY200
CPG00000001574,STANDARD,STANDARD,,200,200,ANNUAL,,ANNUAL200
CPG00000001578,VOLUNTARY,STANDARD,,200,600,YEARLY,,YEARLY600
CPG00000001579,VOLUNTARY,STANDARD,,200,600,MONTHLY,,MONTHLY600
CPG00000001581,STANDARD,VOLUNTARY,,600,200,ANNUAL,,ANNUAL200
CPG00000001593,STANDARD,VOLUNTARY,,1000,200,ANNUAL,,ANNUAL200
CPG00000001606,VOLUNTARY,VOLUNTARY,STANDARD,600,1000,ANNUAL,200,ANNUAL1000
CPG00000001609,VOLUNTARY,VOLUNTARY,VOLUNTARY,600,1000,YEARLY,600,YEARLY1000
CPG00000001612,VOLUNTARY,VOLUNTARY,,600,1000,YEARLY,,YEARLY1000
CPG00000001613,STANDARD,STANDARD,,200,200,ANNUAL,,ANNUAL200
CPG00000001623,VOLUNTARY,VOLUNTARY,VOLUNTARY,1000,600,YEARLY,1000,YEARLY600
CPG00000001624,STANDARD,STANDARD,VOLUNTARY,200,200,YEARLY,600,YEARLY200
CPG00000001630,VOLUNTARY,VOLUNTARY,STANDARD,600,1000,MONTHLY,200,MONTHLY1000
CPG00000001637,VOLUNTARY,VOLUNTARY,,1000,600,MONTHLY,,MONTHLY600
CPG00000001639,VOLUNTARY,STANDARD,STANDARD,200,600,ANNUAL,200,ANNUAL600
CPG00000001640,STANDARD,VOLUNTARY,VOLUNTARY,600,200,ANNUAL,600,ANNUAL200
CPG00000001644,VOLUNTARY,VOLUNTARY,VOLUNTARY,600,1000,YEARLY,600,YEARLY1000
CPG00000001645,VOLUNTARY,VOLUNTARY,VOLUNTARY,1000,600,YEARLY,600,YEARLY600
CPG00000001646,VOLUNTARY,VOLUNTARY,,600,1000,ANNUAL,,ANNUAL1000
CPG00000001652,STANDARD,VOLUNTARY,VOLUNTARY,600,200,MONTHLY,600,MONTHLY200
CPG00000001659,VOLUNTARY,VOLUNTARY,,600,600,YEARLY,,YEARLY600
CPG0000000166,STANDARD,VOLUNTARY,VOLUNTARY,600,200,MONTHLY,600,MONTHLY200
CPG00000001666,VOLUNTARY,VOLUNTARY,,600,1000,ANNUAL,,ANNUAL1000
CPG00000001676,STANDARD,STANDARD,,200,200,MONTHLY,,MONTHLY200
CPG00000001682,VOLUNTARY,STANDARD,,200,1000,MONTHLY,,MONTHLY1000
CPG00000001683,VOLUNTARY,STANDARD,STANDARD,200,1000,YEARLY,200,YEARLY1000
CPG00000001684,VOLUNTARY,VOLUNTARY,,1000,1000,YEARLY,,YEARLY1000
CPG00000001687,STANDARD,STANDARD,,200,200,MONTHLY,,MONTHLY200
CPG0000000169,VOLUNTARY,VOLUNTARY,,600,600,MONTHLY,,MONTHLY600
CPG00000001693,VOLUNTARY,VOLUNTARY,STANDARD,1000,600,MONTHLY,200,MONTHLY600
CPG00000001699,VOLUNTARY,VOLUNTARY,VOLUNTARY,1000,1000,YEARLY,600,YEARLY1000
CPG00000001712,STANDARD,VOLUNTARY,,600,200,ANNUAL,,ANNUAL200
CPG0000000172,VOLUNTARY,VOLUNTARY,STANDARD,1000,1000,ANNUAL,200,ANNUAL1000
CPG0000000173,VOLUNTARY,STANDARD,,200,600,YEARLY,,YEARLY600
CPG00000001731,VOLUNTARY,STANDARD,VOLUNTARY,200,1000,ANNUAL,1000,ANNUAL1000
CPG00000001733,STANDARD,VOLUNTARY,,600,200,ANNUAL,,ANNUAL200
CPG00000001749,VOLUNTARY,VOLUNTARY,,600,600,ANNUAL,,ANNUAL600
CPG00000001751,VOLUNTARY,VOLUNTARY,STANDARD,1000,600,MONTHLY,200,MONTHLY600
CPG00000001756,VOLUNTARY,VOLUNTARY,,1000,600,YEARLY,,YEARLY600
CPG00000001787,VOLUNTARY,VOLUNTARY,STANDARD,600,1000,MONTHLY,200,MONTHLY1000
CPG00000001790,STANDARD,STANDARD,,200,200,ANNUAL,,ANNUAL200
CPG00000001800,VOLUNTARY,VOLUNTARY,VOLUNTARY,1000,600,MONTHLY,600,MONTHLY600
CPG00000001803,STANDARD,VOLUNTARY,VOLUNTARY,600,200,YEARLY,600,YEARLY200
CPG00000001804,VOLUNTARY,VOLUNTARY,,1000,1000,ANNUAL,,ANNUAL1000
CPG00000001811,STANDARD,VOLUNTARY,VOLUNTARY,600,200,MONTHLY,600,MONTHLY200
CPG00000001814,VOLUNTARY,VOLUNTARY,,1000,1000,YEARLY,,YEARLY1000
CPG00000001818,STANDARD,VOLUNTARY,,600,200,YEARLY,,YEARLY200
CPG00000001819,STANDARD,VOLUNTARY,,600,200,MONTHLY,,MONTHLY200
CPG00000001821,STANDARD,STANDARD,,200,200,YEARLY,,YEARLY200
CPG0000000183,VOLUNTARY,STANDARD,VOLUNTARY,200,1000,YEARLY,600,YEARLY1000
CPG00000001833,STANDARD,VOLUNTARY,STANDARD,1000,200,MONTHLY,200,MONTHLY200
CPG0000000184,STANDARD,STANDARD,VOLUNTARY,200,200,YEARLY,600,YEARLY200
CPG00000001846,STANDARD,VOLUNTARY,,1000,200,ANNUAL,,ANNUAL200
CPG00000001849,VOLUNTARY,VOLUNTARY,VOLUNTARY,1000,1000,ANNUAL,1000,ANNUAL1000
CPG00000001852,VOLUNTARY,STANDARD,VOLUNTARY,200,600,ANNUAL,600,ANNUAL600
CPG00000001853,VOLUNTARY,STANDARD,VOLUNTARY,200,600,MONTHLY,1000,MONTHLY600
CPG00000001863,STANDARD,STANDARD,VOLUNTARY,200,200,ANNUAL,1000,ANNUAL200
CPG00000001864,STANDARD,VOLUNTARY,VOLUNTARY,1000,200,YEARLY,1000,YEARLY200
CPG00000001870,VOLUNTARY,STANDARD,STANDARD,200,1000,MONTHLY,200,MONTHLY1000
CPG00000001877,VOLUNTARY,STANDARD,,200,1000,MONTHLY,,MONTHLY1000
CPG00000001879,STANDARD,VOLUNTARY,STANDARD,1000,200,ANNUAL,200,ANNUAL200
CPG00000001880,STANDARD,STANDARD,,200,200,MONTHLY,,MONTHLY200
CPG00000001884,VOLUNTARY,VOLUNTARY,VOLUNTARY,1000,1000,ANNUAL,600,ANNUAL1000
CPG00000001885,VOLUNTARY,STANDARD,,200,1000,MONTHLY,,MONTHLY1000
CPG00000001886,VOLUNTARY,VOLUNTARY,,1000,1000,YEARLY,,YEARLY1000
CPG00000001892,VOLUNTARY,VOLUNTARY,VOLUNTARY,600,1000,ANNUAL,600,ANNUAL1000
CPG00000001899,STANDARD,VOLUNTARY,,600,200,MONTHLY,,MONTHLY200
CPG000000019,VOLUNTARY,STANDARD,,200,1000,YEARLY,,YEARLY1000
CPG0000000190,STANDARD,STANDARD,,200,200,ANNUAL,,ANNUAL200
CPG00000001906,VOLUNTARY,VOLUNTARY,,600,1000,YEARLY,,YEARLY1000
CPG00000001916,VOLUNTARY,STANDARD,VOLUNTARY,200,600,YEARLY,1000,YEARLY600
CPG00000001922,VOLUNTARY,VOLUNTARY,VOLUNTARY,1000,600,ANNUAL,600,ANNUAL600
CPG00000001923,STANDARD,VOLUNTARY,,1000,200,ANNUAL,,ANNUAL200
CPG00000001924,VOLUNTARY,VOLUNTARY,STANDARD,1000,600,YEARLY,200,YEARLY600
CPG00000001927,STANDARD,VOLUNTARY,STANDARD,600,200,ANNUAL,200,ANNUAL200
CPG00000001933,VOLUNTARY,VOLUNTARY,,1000,600,ANNUAL,,ANNUAL600
CPG00000001939,VOLUNTARY,VOLUNTARY,VOLUNTARY,600,1000,ANNUAL,600,ANNUAL1000
CPG00000001952,STANDARD,VOLUNTARY,VOLUNTARY,1000,200,ANNUAL,600,ANNUAL200
CPG0000000197,VOLUNTARY,STANDARD,,200,600,MONTHLY,,MONTHLY600
CPG00000001971,VOLUNTARY,VOLUNTARY,VOLUNTARY,1000,1000,YEARLY,600,YEARLY1000
CPG00000001973,VOLUNTARY,VOLUNTARY,,1000,1000,YEARLY,,YEARLY1000
CPG00000001989,VOLUNTARY,VOLUNTARY,STANDARD,600,600,MONTHLY,200,MONTHLY600
CPG0000000199,VOLUNTARY,VOLUNTARY,VOLUNTARY,1000,600,ANNUAL,1000,ANNUAL600
CPG00000001991,STANDARD,VOLUNTARY,,600,200,YEARLY,,YEARLY200
CPG00000001996,VOLUNTARY,VOLUNTARY,VOLUNTARY,600,1000,ANNUAL,600,ANNUAL1000
CPG00000002,VOLUNTARY,STANDARD,,200,1000,YEARLY,,YEARLY1000
CPG0000000200,VOLUNTARY,STANDARD,,200,600,MONTHLY,,MONTHLY600
CPG00000002027,VOLUNTARY,VOLUNTARY,,600,1000,ANNUAL,,ANNUAL1000
CPG00000002030,STANDARD,VOLUNTARY,VOLUNTARY,1000,200,MONTHLY,600,MONTHLY200
CPG0000000204,VOLUNTARY,STANDARD,VOLUNTARY,200,600,YEARLY,1000,YEARLY600
CPG00000002040,VOLUNTARY,VOLUNTARY,STANDARD,600,600,YEARLY,200,YEARLY600
CPG00000002043,VOLUNTARY,VOLUNTARY,VOLUNTARY,1000,1000,MONTHLY,1000,MONTHLY1000
CPG00000002044,VOLUNTARY,VOLUNTARY,STANDARD,600,600,MONTHLY,200,MONTHLY600
CPG0000000205,STANDARD,VOLUNTARY,VOLUNTARY,600,200,ANNUAL,600,ANNUAL200
CPG00000002051,STANDARD,VOLUNTARY,STANDARD,600,200,YEARLY,200,YEARLY200
CPG00000002054,STANDARD,STANDARD,,200,200,ANNUAL,,ANNUAL200
CPG00000002058,VOLUNTARY,STANDARD,STANDARD,200,1000,YEARLY,200,YEARLY1000
CPG00000002059,VOLUNTARY,STANDARD,VOLUNTARY,200,600,MONTHLY,600,MONTHLY600
CPG0000000206,VOLUNTARY,STANDARD,,200,1000,YEARLY,,YEARLY1000
CPG00000002061,VOLUNTARY,VOLUNTARY,,1000,600,MONTHLY,,MONTHLY600
CPG00000002073,VOLUNTARY,VOLUNTARY,,600,1000,YEARLY,,YEARLY1000
CPG00000002086,VOLUNTARY,VOLUNTARY,VOLUNTARY,600,1000,MONTHLY,600,MONTHLY1000
CPG00000002089,VOLUNTARY,VOLUNTARY,,600,1000,ANNUAL,,ANNUAL1000
CPG00000002092,VOLUNTARY,VOLUNTARY,,600,600,MONTHLY,,MONTHLY600
CPG00000002093,STANDARD,VOLUNTARY,,1000,200,MONTHLY,,MONTHLY200
CPG00000002103,VOLUNTARY,STANDARD,,200,600,MONTHLY,,MONTHLY600
CPG00000002104,VOLUNTARY,STANDARD,,200,600,MONTHLY,,MONTHLY600
CPG00000002110,VOLUNTARY,VOLUNTARY,,600,1000,ANNUAL,,ANNUAL1000
CPG00000002117,VOLUNTARY,STANDARD,STANDARD,200,1000,ANNUAL,200,ANNUAL1000
CPG00000002119,VOLUNTARY,STANDARD,VOLUNTARY,200,1000,ANNUAL,600,ANNUAL1000
CPG0000000212,VOLUNTARY,VOLUNTARY,,600,600,YEARLY,,YEARLY600
CPG00000002120,VOLUNTARY,VOLUNTARY,VOLUNTARY,1000,1000,YEARLY,600,YEARLY1000
CPG00000002124,VOLUNTARY,STANDARD,VOLUNTARY,200,1000,YEARLY,1000,YEARLY1000
CPG00000002125,VOLUNTARY,VOLUNTARY,,1000,600,MONTHLY,,MONTHLY600
CPG00000002126,VOLUNTARY,VOLUNTARY,VOLUNTARY,1000,1000,YEARLY,600,YEARLY1000
CPG00000002132,VOLUNTARY,VOLUNTARY,,600,600,YEARLY,,YEARLY600
CPG00000002139,STANDARD,VOLUNTARY,VOLUNTARY,600,200,ANNUAL,600,ANNUAL200
CPG00000002146,VOLUNTARY,STANDARD,VOLUNTARY,200,600,MONTHLY,1000,MONTHLY600
CPG00000002156,VOLUNTARY,VOLUNTARY,VOLUNTARY,1000,600,YEARLY,600,YEARLY600
CPG00000002162,STANDARD,STANDARD,VOLUNTARY,200,200,ANNUAL,1000,ANNUAL200
CPG00000002163,VOLUNTARY,STANDARD,,200,1000,MONTHLY,,MONTHLY1000
CPG00000002164,VOLUNTARY,VOLUNTARY,VOLUNTARY,1000,600,MONTHLY,1000,MONTHLY600
CPG00000002167,STANDARD,VOLUNTARY,STANDARD,1000,200,ANNUAL,200,ANNUAL200
CPG00000002173,VOLUNTARY,VOLUNTARY,VOLUNTARY,600,600,MONTHLY,600,MONTHLY600
CPG00000002179,STANDARD,STANDARD,VOLUNTARY,200,200,MONTHLY,1000,MONTHLY200
CPG0000000219,VOLUNTARY,VOLUNTARY,VOLUNTARY,600,600,MONTHLY,600,MONTHLY600
CPG00000002192,VOLUNTARY,VOLUNTARY,VOLUNTARY,600,1000,ANNUAL,600,ANNUAL1000
CPG00000002211,VOLUNTARY,VOLUNTARY,VOLUNTARY,600,600,ANNUAL,1000,ANNUAL600
CPG00000002213,VOLUNTARY,STANDARD,VOLUNTARY,200,1000,YEARLY,1000,YEARLY1000
CPG00000002229,VOLUNTARY,VOLUNTARY,,1000,1000,YEARLY,,YEARLY1000
CPG00000002231,STANDARD,VOLUNTARY,,600,200,ANNUAL,,ANNUAL200
CPG00000002236,VOLUNTARY,VOLUNTARY,,1000,1000,ANNUAL,,ANNUAL1000
CPG0000000226,VOLUNTARY,STANDARD,STANDARD,200,1000,YEARLY,200,YEARLY1000
CPG00000002267,VOLUNTARY,VOLUNTARY,,600,600,MONTHLY,,MONTHLY600
CPG00000002270,VOLUNTARY,STANDARD,,200,600,YEARLY,,YEARLY600
CPG00000002280,STANDARD,VOLUNTARY,STANDARD,1000,200,YEARLY,200,YEARLY200
CPG00000002283,VOLUNTARY,STANDARD,STANDARD,200,600,MONTHLY,200,MONTHLY600
CPG00000002284,VOLUNTARY,VOLUNTARY,VOLUNTARY,600,600,ANNUAL,1000,ANNUAL600
CPG00000002291,STANDARD,VOLUNTARY,VOLUNTARY,600,200,YEARLY,1000,YEARLY200
CPG00000002294,STANDARD,VOLUNTARY,,1000,200,ANNUAL,,ANNUAL200
CPG00000002298,VOLUNTARY,VOLUNTARY,,1000,600,ANNUAL,,ANNUAL600
CPG00000002299,VOLUNTARY,VOLUNTARY,STANDARD,1000,1000,MONTHLY,200,MONTHLY1000
CPG00000002301,VOLUNTARY,VOLUNTARY,STANDARD,1000,600,ANNUAL,200,ANNUAL600
CPG00000002313,VOLUNTARY,VOLUNTARY,,1000,600,ANNUAL,,ANNUAL600
CPG00000002326,VOLUNTARY,VOLUNTARY,VOLUNTARY,1000,600,MONTHLY,1000,MONTHLY600
CPG00000002329,VOLUNTARY,STANDARD,,200,1000,YEARLY,,YEARLY1000
CPG00000002332,VOLUNTARY,VOLUNTARY,,1000,600,ANNUAL,,ANNUAL600
CPG00000002333,VOLUNTARY,VOLUNTARY,,600,600,YEARLY,,YEARLY600
CPG00000002343,VOLUNTARY,STANDARD,,200,600,MONTHLY,,MONTHLY600
CPG00000002344,STANDARD,VOLUNTARY,STANDARD,600,200,MONTHLY,200,MONTHLY200
CPG00000002350,VOLUNTARY,VOLUNTARY,VOLUNTARY,600,1000,ANNUAL,1000,ANNUAL1000
CPG00000002357,VOLUNTARY,VOLUNTARY,,1000,1000,YEARLY,,YEARLY1000
CPG00000002359,VOLUNTARY,VOLUNTARY,VOLUNTARY,600,600,MONTHLY,1000,MONTHLY600
CPG0000000236,VOLUNTARY,VOLUNTARY,,1000,1000,MONTHLY,,MONTHLY1000
CPG00000002360,VOLUNTARY,STANDARD,,200,600,ANNUAL,,ANNUAL600
CPG00000002364,STANDARD,VOLUNTARY,VOLUNTARY,1000,200,ANNUAL,600,ANNUAL200
CPG00000002365,VOLUNTARY,VOLUNTARY,VOLUNTARY,1000,1000,YEARLY,600,YEARLY1000
CPG00000002366,VOLUNTARY,STANDARD,STANDARD,200,600,YEARLY,200,YEARLY600
CPG00000002372,VOLUNTARY,STANDARD,STANDARD,200,600,ANNUAL,200,ANNUAL600
CPG00000002379,STANDARD,VOLUNTARY,VOLUNTARY,1000,200,ANNUAL,1000,ANNUAL200
CPG00000002386,STANDARD,STANDARD,,200,200,YEARLY,,YEARLY200
CPG00000002396,VOLUNTARY,STANDARD,STANDARD,200,600,YEARLY,200,YEARLY600
CPG00000002402,STANDARD,VOLUNTARY,,600,200,ANNUAL,,ANNUAL200
CPG00000002403,STANDARD,VOLUNTARY,VOLUNTARY,600,200,MONTHLY,600,MONTHLY200
CPG00000002404,VOLUNTARY,STANDARD,,200,1000,MONTHLY,,MONTHLY1000
CPG00000002407,STANDARD,STANDARD,,200,200,MONTHLY,,MONTHLY200
CPG00000002413,VOLUNTARY,VOLUNTARY,,1000,1000,MONTHLY,,MONTHLY1000
CPG00000002419,VOLUNTARY,VOLUNTARY,STANDARD,600,600,ANNUAL,200,ANNUAL600
CPG0000000242,STANDARD,VOLUNTARY,STANDARD,600,200,ANNUAL,200,ANNUAL200
CPG0000000243,STANDARD,VOLUNTARY,STANDARD,600,200,YEARLY,200,YEARLY200
CPG00000002432,STANDARD,VOLUNTARY,,1000,200,YEARLY,,YEARLY200
CPG0000000244,VOLUNTARY,VOLUNTARY,,600,1000,YEARLY,,YEARLY1000
CPG00000002451,STANDARD,VOLUNTARY,,1000,200,YEARLY,,YEARLY200
CPG00000002453,VOLUNTARY,STANDARD,VOLUNTARY,200,600,YEARLY,1000,YEARLY600
CPG00000002469,VOLUNTARY,VOLUNTARY,,600,600,ANNUAL,,ANNUAL600
CPG0000000247,VOLUNTARY,VOLUNTARY,,1000,600,ANNUAL,,ANNUAL600
CPG00000002471,VOLUNTARY,VOLUNTARY,STANDARD,1000,1000,MONTHLY,200,MONTHLY1000
CPG00000002476,VOLUNTARY,STANDARD,,200,600,MONTHLY,,MONTHLY600
CPG00000002507,STANDARD,VOLUNTARY,VOLUNTARY,600,200,ANNUAL,600,ANNUAL200
CPG00000002510,STANDARD,STANDARD,,200,200,YEARLY,,YEARLY200
CPG00000002520,VOLUNTARY,VOLUNTARY,STANDARD,600,600,MONTHLY,200,MONTHLY600
CPG00000002523,VOLUNTARY,STANDARD,,200,1000,YEARLY,,YEARLY1000
CPG00000002524,STANDARD,STANDARD,,200,200,YEARLY,,YEARLY200
CPG0000000253,VOLUNTARY,VOLUNTARY,VOLUNTARY,600,600,ANNUAL,600,ANNUAL600
CPG00000002531,VOLUNTARY,VOLUNTARY,,600,600,ANNUAL,,ANNUAL600
CPG00000002534,VOLUNTARY,VOLUNTARY,,600,1000,ANNUAL,,ANNUAL1000
CPG00000002538,STANDARD,VOLUNTARY,,1000,200,ANNUAL,,ANNUAL200
CPG00000002539,VOLUNTARY,VOLUNTARY,VOLUNTARY,600,600,MONTHLY,600,MONTHLY600
CPG00000002541,VOLUNTARY,STANDARD,VOLUNTARY,200,1000,MONTHLY,1000,MONTHLY1000
CPG00000002553,STANDARD,STANDARD,STANDARD,200,200,MONTHLY,200,MONTHLY200
CPG00000002566,STANDARD,VOLUNTARY,,1000,200,YEARLY,,YEARLY200
CPG00000002569,VOLUNTARY,STANDARD,,200,1000,YEARLY,,YEARLY1000
CPG00000002572,VOLUNTARY,VOLUNTARY,,1000,600,ANNUAL,,ANNUAL600
CPG00000002573,STANDARD,STANDARD,,200,200,ANNUAL,,ANNUAL200
CPG00000002583,VOLUNTARY,VOLUNTARY,,600,1000,YEARLY,,YEARLY1000
CPG00000002584,VOLUNTARY,VOLUNTARY,VOLUNTARY,1000,1000,ANNUAL,600,ANNUAL1000
CPG0000000259,VOLUNTARY,VOLUNTARY,VOLUNTARY,1000,600,ANNUAL,1000,ANNUAL600
CPG00000002590,VOLUNTARY,STANDARD,STANDARD,200,600,YEARLY,200,YEARLY600
CPG00000002597,VOLUNTARY,VOLUNTARY,,1000,1000,YEARLY,,YEARLY1000
CPG00000002599,STANDARD,STANDARD,,200,200,ANNUAL,,ANNUAL200
CPG00000002600,VOLUNTARY,STANDARD,,200,600,ANNUAL,,ANNUAL600
CPG00000002604,STANDARD,VOLUNTARY,VOLUNTARY,600,200,ANNUAL,1000,ANNUAL200
CPG00000002605,VOLUNTARY,STANDARD,STANDARD,200,1000,YEARLY,200,YEARLY1000
CPG00000002606,STANDARD,STANDARD,VOLUNTARY,200,200,ANNUAL,1000,ANNUAL200
CPG00000002612,VOLUNTARY,VOLUNTARY,VOLUNTARY,600,600,ANNUAL,600,ANNUAL600
CPG00000002619,STANDARD,STANDARD,STANDARD,200,200,ANNUAL,200,ANNUAL200
CPG00000002626,VOLUNTARY,VOLUNTARY,,600,1000,MONTHLY,,MONTHLY1000
CPG00000002636,STANDARD,VOLUNTARY,VOLUNTARY,1000,200,ANNUAL,600,ANNUAL200
CPG00000002642,VOLUNTARY,VOLUNTARY,,1000,1000,ANNUAL,,ANNUAL1000
CPG00000002643,VOLUNTARY,STANDARD,,200,600,MONTHLY,,MONTHLY600
CPG00000002644,VOLUNTARY,STANDARD,VOLUNTARY,200,600,YEARLY,1000,YEARLY600
CPG00000002647,VOLUNTARY,VOLUNTARY,,1000,600,YEARLY,,YEARLY600
CPG00000002653,STANDARD,VOLUNTARY,VOLUNTARY,1000,200,ANNUAL,600,ANNUAL200
CPG00000002659,VOLUNTARY,VOLUNTARY,,1000,600,MONTHLY,,MONTHLY600
CPG00000002672,VOLUNTARY,VOLUNTARY,VOLUNTARY,600,600,MONTHLY,600,MONTHLY600
CPG00000002691,VOLUNTARY,VOLUNTARY,STANDARD,600,600,MONTHLY,200,MONTHLY600
CPG00000002693,VOLUNTARY,STANDARD,VOLUNTARY,200,1000,ANNUAL,1000,ANNUAL1000
CPG00000002709,VOLUNTARY,VOLUNTARY,,600,600,YEARLY,,YEARLY600
CPG00000002711,VOLUNTARY,VOLUNTARY,VOLUNTARY,600,1000,ANNUAL,1000,ANNUAL1000
CPG00000002716,VOLUNTARY,STANDARD,,200,600,YEARLY,,YEARLY600
CPG0000000272,VOLUNTARY,STANDARD,,200,1000,MONTHLY,,MONTHLY1000
CPG00000002747,VOLUNTARY,STANDARD,VOLUNTARY,200,600,MONTHLY,600,MONTHLY600
CPG00000002750,VOLUNTARY,VOLUNTARY,STANDARD,1000,600,YEARLY,200,YEARLY600
CPG00000002760,VOLUNTARY,VOLUNTARY,,1000,1000,ANNUAL,,ANNUAL1000
CPG00000002763,VOLUNTARY,STANDARD,,200,1000,MONTHLY,,MONTHLY1000
CPG00000002764,STANDARD,VOLUNTARY,,600,200,ANNUAL,,ANNUAL200
CPG00000002771,STANDARD,STANDARD,,200,200,ANNUAL,,ANNUAL200
CPG00000002774,VOLUNTARY,VOLUNTARY,VOLUNTARY,600,1000,MONTHLY,600,MONTHLY1000
CPG00000002778,VOLUNTARY,STANDARD,VOLUNTARY,200,600,MONTHLY,1000,MONTHLY600
CPG00000002779,VOLUNTARY,VOLUNTARY,,600,1000,YEARLY,,YEARLY1000
CPG00000002781,STANDARD,VOLUNTARY,VOLUNTARY,1000,200,ANNUAL,600,ANNUAL200
CPG00000002793,VOLUNTARY,VOLUNTARY,,1000,1000,YEARLY,,YEARLY1000
CPG00000002806,VOLUNTARY,VOLUNTARY,VOLUNTARY,600,1000,MONTHLY,600,MONTHLY1000
CPG00000002809,VOLUNTARY,VOLUNTARY,,1000,600,MONTHLY,,MONTHLY600
CPG00000002812,VOLUNTARY,VOLUNTARY,,1000,1000,YEARLY,,YEARLY1000
CPG00000002813,VOLUNTARY,STANDARD,,200,600,YEARLY,,YEARLY600
CPG00000002823,VOLUNTARY,STANDARD,,200,600,ANNUAL,,ANNUAL600
CPG00000002824,STANDARD,VOLUNTARY,VOLUNTARY,1000,200,MONTHLY,600,MONTHLY200
CPG00000002830,VOLUNTARY,VOLUNTARY,,1000,600,ANNUAL,,ANNUAL600
CPG00000002837,VOLUNTARY,VOLUNTARY,VOLUNTARY,1000,600,ANNUAL,1000,ANNUAL600
CPG00000002839,VOLUNTARY,VOLUNTARY,VOLUNTARY,1000,1000,MONTHLY,1000,MONTHLY1000
CPG00000002840,VOLUNTARY,VOLUNTARY,VOLUNTARY,1000,600,YEARLY,600,YEARLY600
CPG00000002844,VOLUNTARY,VOLUNTARY,,600,1000,MONTHLY,,MONTHLY1000
CPG00000002845,VOLUNTARY,VOLUNTARY,VOLUNTARY,1000,1000,YEARLY,600,YEARLY1000
CPG00000002846,VOLUNTARY,STANDARD,,200,600,ANNUAL,,ANNUAL600
CPG00000002852,STANDARD,VOLUNTARY,,1000,200,MONTHLY,,MONTHLY200
CPG00000002859,VOLUNTARY,VOLUNTARY,VOLUNTARY,1000,600,MONTHLY,600,MONTHLY600
CPG00000002866,VOLUNTARY,STANDARD,,200,1000,ANNUAL,,ANNUAL1000
CPG00000002876,STANDARD,VOLUNTARY,STANDARD,1000,200,MONTHLY,200,MONTHLY200
CPG00000002882,STANDARD,STANDARD,,200,200,YEARLY,,YEARLY200
CPG00000002883,STANDARD,VOLUNTARY,,600,200,ANNUAL,,ANNUAL200
CPG00000002884,VOLUNTARY,VOLUNTARY,VOLUNTARY,600,600,ANNUAL,1000,ANNUAL600
CPG00000002887,VOLUNTARY,VOLUNTARY,VOLUNTARY,1000,600,ANNUAL,1000,ANNUAL600
CPG00000002893,STANDARD,VOLUNTARY,STANDARD,600,200,ANNUAL,200,ANNUAL200
CPG00000002899,VOLUNTARY,STANDARD,,200,600,MONTHLY,,MONTHLY600
CPG0000000291,VOLUNTARY,STANDARD,,200,600,ANNUAL,,ANNUAL600
CPG00000002912,VOLUNTARY,VOLUNTARY,VOLUNTARY,1000,1000,MONTHLY,1000,MONTHLY1000
CPG0000000293,VOLUNTARY,STANDARD,,200,600,ANNUAL,,ANNUAL600
CPG00000002931,STANDARD,VOLUNTARY,,1000,200,ANNUAL,,ANNUAL200
CPG00000002933,STANDARD,VOLUNTARY,,600,200,MONTHLY,,MONTHLY200
CPG00000002949,VOLUNTARY,VOLUNTARY,,600,600,ANNUAL,,ANNUAL600
CPG00000002951,STANDARD,VOLUNTARY,,1000,200,YEARLY,,YEARLY200
CPG00000002956,STANDARD,VOLUNTARY,,600,200,MONTHLY,,MONTHLY200
CPG00000002987,VOLUNTARY,VOLUNTARY,,1000,600,YEARLY,,YEARLY600
CPG00000002990,VOLUNTARY,STANDARD,,200,600,ANNUAL,,ANNUAL600
CPG00000003,VOLUNTARY,VOLUNTARY,VOLUNTARY,600,600,YEARLY,600,YEARLY600
CPG00000003,STANDARD,VOLUNTARY,VOLUNTARY,600,200,MONTHLY,600,MONTHLY200
CPG00000003000,STANDARD,STANDARD,STANDARD,200,200,ANNUAL,200,ANNUAL200
CPG00000003003,VOLUNTARY,VOLUNTARY,,600,1000,MONTHLY,,MONTHLY1000
CPG00000003004,VOLUNTARY,VOLUNTARY,,1000,600,YEARLY,,YEARLY600
CPG00000003011,VOLUNTARY,STANDARD,,200,1000,ANNUAL,,ANNUAL1000
CPG00000003014,STANDARD,STANDARD,STANDARD,200,200,MONTHLY,200,MONTHLY200
CPG00000003018,VOLUNTARY,VOLUNTARY,,600,1000,YEARLY,,YEARLY1000
CPG00000003019,VOLUNTARY,VOLUNTARY,VOLUNTARY,1000,600,ANNUAL,1000,ANNUAL600
CPG00000003021,STANDARD,VOLUNTARY,VOLUNTARY,600,200,YEARLY,1000,YEARLY200
CPG00000003033,VOLUNTARY,VOLUNTARY,,1000,1000,MONTHLY,,MONTHLY1000
CPG00000003046,STANDARD,VOLUNTARY,STANDARD,1000,200,ANNUAL,200,ANNUAL200
CPG00000003049,VOLUNTARY,VOLUNTARY,,600,1000,MONTHLY,,MONTHLY1000
CPG00000003052,VOLUNTARY,VOLUNTARY,,600,600,ANNUAL,,ANNUAL600
CPG00000003053,STANDARD,VOLUNTARY,STANDARD,1000,200,YEARLY,200,YEARLY200
CPG00000003063,VOLUNTARY,VOLUNTARY,,600,1000,ANNUAL,,ANNUAL1000
CPG00000003064,VOLUNTARY,VOLUNTARY,,600,600,MONTHLY,,MONTHLY600
CPG00000003070,VOLUNTARY,VOLUNTARY,,1000,1000,ANNUAL,,ANNUAL1000
CPG00000003077,STANDARD,STANDARD,,200,200,ANNUAL,,ANNUAL200
CPG00000003079,VOLUNTARY,STANDARD,VOLUNTARY,200,1000,MONTHLY,1000,MONTHLY1000
CPG00000003080,STANDARD,VOLUNTARY,STANDARD,600,200,ANNUAL,200,ANNUAL200
CPG00000003084,VOLUNTARY,VOLUNTARY,VOLUNTARY,600,1000,YEARLY,1000,YEARLY1000
CPG00000003085,VOLUNTARY,STANDARD,STANDARD,200,600,YEARLY,200,YEARLY600
CPG00000003086,VOLUNTARY,STANDARD,STANDARD,200,1000,MONTHLY,200,MONTHLY1000
CPG0000000309,VOLUNTARY,STANDARD,,200,600,YEARLY,,YEARLY600
CPG00000003092,STANDARD,VOLUNTARY,VOLUNTARY,600,200,YEARLY,1000,YEARLY200
CPG00000003099,VOLUNTARY,VOLUNTARY,,600,600,MONTHLY,,MONTHLY600
CPG00000003106,STANDARD,VOLUNTARY,STANDARD,600,200,MONTHLY,200,MONTHLY200
CPG0000000311,VOLUNTARY,VOLUNTARY,STANDARD,1000,600,MONTHLY,200,MONTHLY600
CPG00000003116,VOLUNTARY,VOLUNTARY,STANDARD,1000,1000,YEARLY,200,YEARLY1000
CPG00000003122,VOLUNTARY,VOLUNTARY,,600,600,ANNUAL,,ANNUAL600
CPG00000003123,VOLUNTARY,STANDARD,VOLUNTARY,200,600,MONTHLY,1000,MONTHLY600
CPG00000003124,VOLUNTARY,VOLUNTARY,,1000,1000,MONTHLY,,MONTHLY1000
CPG00000003127,VOLUNTARY,VOLUNTARY,,600,1000,ANNUAL,,ANNUAL1000
CPG00000003133,STANDARD,VOLUNTARY,,600,200,YEARLY,,YEARLY200
CPG00000003139,VOLUNTARY,STANDARD,VOLUNTARY,200,1000,ANNUAL,600,ANNUAL1000
CPG00000003152,VOLUNTARY,VOLUNTARY,STANDARD,600,600,ANNUAL,200,ANNUAL600
CPG0000000316,VOLUNTARY,VOLUNTARY,,600,600,YEARLY,,YEARLY600
CPG00000003171,VOLUNTARY,VOLUNTARY,,1000,600,ANNUAL,,ANNUAL600
CPG00000003173,STANDARD,STANDARD,STANDARD,200,200,YEARLY,200,YEARLY200
CPG00000003189,STANDARD,VOLUNTARY,,1000,200,MONTHLY,,MONTHLY200
CPG00000003191,VOLUNTARY,VOLUNTARY,VOLUNTARY,600,1000,MONTHLY,1000,MONTHLY1000
CPG00000003196,VOLUNTARY,VOLUNTARY,,1000,600,ANNUAL,,ANNUAL600
CPG000000032,STANDARD,VOLUNTARY,STANDARD,1000,200,YEARLY,200,YEARLY200
CPG00000003227,VOLUNTARY,VOLUNTARY,VOLUNTARY,1000,1000,ANNUAL,1000,ANNUAL1000
CPG00000003230,VOLUNTARY,STANDARD,,200,600,ANNUAL,,ANNUAL600
CPG00000003240,STANDARD,VOLUNTARY,,600,200,YEARLY,,YEARLY200
CPG00000003243,VOLUNTARY,VOLUNTARY,,1000,600,MONTHLY,,MONTHLY600
CPG00000003244,VOLUNTARY,STANDARD,STANDARD,200,600,MONTHLY,200,MONTHLY600
CPG00000003251,VOLUNTARY,STANDARD,,200,600,YEARLY,,YEARLY600
CPG00000003254,VOLUNTARY,VOLUNTARY,,600,1000,MONTHLY,,MONTHLY1000
CPG00000003258,STANDARD,STANDARD,,200,200,YEARLY,,YEARLY200
CPG00000003259,VOLUNTARY,VOLUNTARY,VOLUNTARY,600,1000,ANNUAL,1000,ANNUAL1000
CPG00000003261,VOLUNTARY,VOLUNTARY,VOLUNTARY,600,600,YEARLY,1000,YEARLY600
CPG00000003273,STANDARD,VOLUNTARY,,1000,200,MONTHLY,,MONTHLY200
CPG00000003286,VOLUNTARY,VOLUNTARY,VOLUNTARY,1000,1000,MONTHLY,1000,MONTHLY1000
CPG00000003289,VOLUNTARY,STANDARD,STANDARD,200,600,MONTHLY,200,MONTHLY600
CPG00000003292,STANDARD,STANDARD,VOLUNTARY,200,200,YEARLY,1000,YEARLY200
CPG00000003293,VOLUNTARY,VOLUNTARY,,600,1000,ANNUAL,,ANNUAL1000
CPG00000003303,STANDARD,STANDARD,STANDARD,200,200,YEARLY,200,YEARLY200
CPG00000003304,VOLUNTARY,VOLUNTARY,VOLUNTARY,600,600,ANNUAL,600,ANNUAL600
CPG00000003310,VOLUNTARY,VOLUNTARY,VOLUNTARY,600,1000,ANNUAL,1000,ANNUAL1000
CPG00000003317,VOLUNTARY,STANDARD,,200,600,YEARLY,,YEARLY600
CPG00000003319,VOLUNTARY,STANDARD,,200,600,MONTHLY,,MONTHLY600
CPG00000003320,STANDARD,VOLUNTARY,VOLUNTARY,600,200,YEARLY,1000,YEARLY200
CPG00000003324,VOLUNTARY,STANDARD,STANDARD,200,600,ANNUAL,200,ANNUAL600
CPG00000003325,VOLUNTARY,VOLUNTARY,,600,1000,ANNUAL,,ANNUAL1000
CPG00000003326,STANDARD,VOLUNTARY,VOLUNTARY,600,200,YEARLY,600,YEARLY200
CPG00000003332,VOLUNTARY,VOLUNTARY,VOLUNTARY,600,600,ANNUAL,600,ANNUAL600
CPG00000003339,VOLUNTARY,VOLUNTARY,,1000,1000,MONTHLY,,MONTHLY1000
CPG00000003346,VOLUNTARY,VOLUNTARY,STANDARD,1000,1000,ANNUAL,200,ANNUAL1000
CPG00000003356,VOLUNTARY,STANDARD,,200,1000,YEARLY,,YEARLY1000
CPG00000003362,STANDARD,STANDARD,,200,200,YEARLY,,YEARLY200
CPG00000003363,VOLUNTARY,STANDARD,,200,600,MONTHLY,,MONTHLY600
CPG00000003364,VOLUNTARY,STANDARD,VOLUNTARY,200,600,MONTHLY,600,MONTHLY600
CPG00000003367,VOLUNTARY,STANDARD,,200,600,MONTHLY,,MONTHLY600
CPG00000003373,VOLUNTARY,VOLUNTARY,VOLUNTARY,1000,1000,YEARLY,1000,YEARLY1000
CPG00000003379,STANDARD,VOLUNTARY,,600,200,YEARLY,,YEARLY200
CPG00000003392,VOLUNTARY,VOLUNTARY,VOLUNTARY,1000,600,YEARLY,600,YEARLY600
CPG00000003411,VOLUNTARY,VOLUNTARY,VOLUNTARY,600,1000,MONTHLY,600,MONTHLY1000
CPG00000003413,VOLUNTARY,VOLUNTARY,VOLUNTARY,600,1000,MONTHLY,1000,MONTHLY1000
CPG00000003429,STANDARD,STANDARD,,200,200,YEARLY,,YEARLY200
CPG00000003431,VOLUNTARY,VOLUNTARY,VOLUNTARY,1000,600,ANNUAL,600,ANNUAL600
CPG00000003436,VOLUNTARY,VOLUNTARY,VOLUNTARY,1000,1000,MONTHLY,600,MONTHLY1000
CPG00000003467,VOLUNTARY,VOLUNTARY,,1000,1000,YEARLY,,YEARLY1000
CPG0000000347,VOLUNTARY,STANDARD,STANDARD,200,1000,MONTHLY,200,MONTHLY1000
CPG00000003470,VOLUNTARY,STANDARD,VOLUNTARY,200,600,ANNUAL,1000,ANNUAL600
CPG00000003480,VOLUNTARY,VOLUNTARY,,600,1000,YEARLY,,YEARLY1000
CPG00000003483,VOLUNTARY,VOLUNTARY,,1000,600,YEARLY,,YEARLY600
CPG00000003484,STANDARD,STANDARD,VOLUNTARY,200,200,MONTHLY,600,MONTHLY200
CPG00000003491,VOLUNTARY,VOLUNTARY,VOLUNTARY,600,1000,YEARLY,1000,YEARLY1000
CPG00000003494,VOLUNTARY,STANDARD,STANDARD,200,600,YEARLY,200,YEARLY600
CPG00000003498,VOLUNTARY,VOLUNTARY,VOLUNTARY,600,1000,YEARLY,600,YEARLY1000
CPG00000003499,STANDARD,STANDARD,,200,200,MONTHLY,,MONTHLY200
CPG0000000350,VOLUNTARY,STANDARD,,200,600,MONTHLY,,MONTHLY600
CPG00000003501,VOLUNTARY,VOLUNTARY,,600,600,MONTHLY,,MONTHLY600
CPG00000003513,VOLUNTARY,STANDARD,,200,1000,ANNUAL,,ANNUAL1000
CPG00000003526,VOLUNTARY,VOLUNTARY,,1000,1000,ANNUAL,,ANNUAL1000
CPG00000003529,VOLUNTARY,VOLUNTARY,,600,600,ANNUAL,,ANNUAL600
CPG00000003532,VOLUNTARY,STANDARD,STANDARD,200,1000,YEARLY,200,YEARLY1000
CPG00000003533,VOLUNTARY,VOLUNTARY,,600,600,MONTHLY,,MONTHLY600
CPG00000003543,STANDARD,STANDARD,VOLUNTARY,200,200,MONTHLY,600,MONTHLY200
CPG00000003544,VOLUNTARY,STANDARD,STANDARD,200,600,MONTHLY,200,MONTHLY600
CPG00000003550,VOLUNTARY,STANDARD,,200,1000,YEARLY,,YEARLY1000
CPG00000003557,VOLUNTARY,VOLUNTARY,VOLUNTARY,600,1000,YEARLY,1000,YEARLY1000
CPG00000003559,VOLUNTARY,VOLUNTARY,VOLUNTARY,1000,600,YEARLY,1000,YEARLY600
CPG00000003560,STANDARD,VOLUNTARY,,1000,200,ANNUAL,,ANNUAL200
CPG00000003564,STANDARD,STANDARD,VOLUNTARY,200,200,YEARLY,1000,YEARLY200
CPG00000003565,VOLUNTARY,VOLUNTARY,VOLUNTARY,1000,1000,MONTHLY,1000,MONTHLY1000
CPG00000003566,STANDARD,STANDARD,VOLUNTARY,200,200,YEARLY,1000,YEARLY200
CPG00000003572,VOLUNTARY,VOLUNTARY,VOLUNTARY,600,1000,MONTHLY,600,MONTHLY1000
CPG00000003579,VOLUNTARY,STANDARD,,200,1000,MONTHLY,,MONTHLY1000
CPG00000003586,VOLUNTARY,VOLUNTARY,STANDARD,600,1000,MONTHLY,200,MONTHLY1000
CPG00000003596,STANDARD,STANDARD,VOLUNTARY,200,200,MONTHLY,600,MONTHLY200
CPG0000000360,VOLUNTARY,STANDARD,,200,600,YEARLY,,YEARLY600
CPG00000003602,VOLUNTARY,VOLUNTARY,,1000,600,YEARLY,,YEARLY600
CPG00000003603,STANDARD,VOLUNTARY,VOLUNTARY,600,200,YEARLY,600,YEARLY200
CPG00000003604,STANDARD,VOLUNTARY,,600,200,MONTHLY,,MONTHLY200
CPG00000003607,VOLUNTARY,VOLUNTARY,VOLUNTARY,600,600,YEARLY,1000,YEARLY600
CPG00000003613,VOLUNTARY,VOLUNTARY,,600,1000,MONTHLY,,MONTHLY1000
CPG00000003619,VOLUNTARY,VOLUNTARY,VOLUNTARY,600,1000,YEARLY,600,YEARLY1000
CPG0000000363,STANDARD,VOLUNTARY,,600,200,ANNUAL,,ANNUAL200
CPG00000003632,STANDARD,STANDARD,,200,200,MONTHLY,,MONTHLY200
CPG0000000364,STANDARD,STANDARD,VOLUNTARY,200,200,MONTHLY,1000,MONTHLY200
CPG00000003651,VOLUNTARY,VOLUNTARY,STANDARD,600,1000,MONTHLY,200,MONTHLY1000
CPG00000003653,VOLUNTARY,VOLUNTARY,,600,600,MONTHLY,,MONTHLY600
CPG00000003669,STANDARD,VOLUNTARY,VOLUNTARY,600,200,YEARLY,1000,YEARLY200
CPG00000003671,STANDARD,STANDARD,VOLUNTARY,200,200,YEARLY,600,YEARLY200
CPG00000003676,VOLUNTARY,STANDARD,,200,1000,MONTHLY,,MONTHLY1000
CPG00000003707,VOLUNTARY,VOLUNTARY,,1000,600,YEARLY,,YEARLY600
CPG0000000371,VOLUNTARY,VOLUNTARY,STANDARD,600,1000,ANNUAL,200,ANNUAL1000
CPG00000003710,VOLUNTARY,VOLUNTARY,,1000,1000,YEARLY,,YEARLY1000
CPG00000003720,STANDARD,STANDARD,VOLUNTARY,200,200,ANNUAL,1000,ANNUAL200
CPG00000003723,VOLUNTARY,STANDARD,STANDARD,200,1000,YEARLY,200,YEARLY1000
CPG00000003724,STANDARD,STANDARD,,200,200,ANNUAL,,ANNUAL200
CPG00000003731,STANDARD,STANDARD,VOLUNTARY,200,200,YEARLY,1000,YEARLY200
CPG00000003734,VOLUNTARY,VOLUNTARY,,600,600,MONTHLY,,MONTHLY600
CPG00000003738,VOLUNTARY,VOLUNTARY,,600,1000,MONTHLY,,MONTHLY1000
CPG00000003739,STANDARD,VOLUNTARY,,600,200,ANNUAL,,ANNUAL200
CPG0000000374,VOLUNTARY,VOLUNTARY,VOLUNTARY,1000,600,MONTHLY,1000,MONTHLY600
CPG00000003741,STANDARD,VOLUNTARY,,1000,200,ANNUAL,,ANNUAL200
CPG00000003753,VOLUNTARY,STANDARD,VOLUNTARY,200,600,YEARLY,1000,YEARLY600
CPG00000003766,STANDARD,STANDARD,VOLUNTARY,200,200,YEARLY,1000,YEARLY200
CPG00000003769,VOLUNTARY,VOLUNTARY,STANDARD,1000,600,YEARLY,200,YEARLY600
CPG00000003772,VOLUNTARY,VOLUNTARY,STANDARD,600,600,MONTHLY,200,MONTHLY600
CPG00000003773,VOLUNTARY,STANDARD,VOLUNTARY,200,600,ANNUAL,1000,ANNUAL600
CPG0000000378,VOLUNTARY,VOLUNTARY,VOLUNTARY,600,1000,MONTHLY,1000,MONTHLY1000
CPG00000003783,STANDARD,STANDARD,,200,200,YEARLY,,YEARLY200
CPG00000003784,VOLUNTARY,VOLUNTARY,,600,600,ANNUAL,,ANNUAL600
CPG0000000379,STANDARD,VOLUNTARY,VOLUNTARY,1000,200,MONTHLY,600,MONTHLY200
CPG00000003790,VOLUNTARY,STANDARD,VOLUNTARY,200,600,MONTHLY,600,MONTHLY600
CPG00000003797,VOLUNTARY,VOLUNTARY,,600,1000,YEARLY,,YEARLY1000
CPG00000003799,STANDARD,VOLUNTARY,,600,200,MONTHLY,,MONTHLY200
CPG00000003800,STANDARD,STANDARD,,200,200,ANNUAL,,ANNUAL200
CPG00000003804,VOLUNTARY,VOLUNTARY,VOLUNTARY,1000,600,MONTHLY,1000,MONTHLY600
CPG00000003805,STANDARD,VOLUNTARY,VOLUNTARY,1000,200,YEARLY,1000,YEARLY200
CPG00000003806,STANDARD,VOLUNTARY,VOLUNTARY,600,200,ANNUAL,1000,ANNUAL200
CPG0000000381,STANDARD,VOLUNTARY,,1000,200,MONTHLY,,MONTHLY200
CPG00000003812,VOLUNTARY,VOLUNTARY,STANDARD,600,1000,MONTHLY,200,MONTHLY1000
CPG00000003819,STANDARD,VOLUNTARY,VOLUNTARY,600,200,MONTHLY,1000,MONTHLY200
CPG00000003826,VOLUNTARY,STANDARD,,200,1000,MONTHLY,,MONTHLY1000
CPG00000003836,STANDARD,STANDARD,,200,200,MONTHLY,,MONTHLY200
CPG0000000393,STANDARD,VOLUNTARY,,600,200,YEARLY,,YEARLY200
CPG00000004,VOLUNTARY,VOLUNTARY,,1000,600,ANNUAL,,ANNUAL600
CPG0000000406,VOLUNTARY,STANDARD,,200,1000,MONTHLY,,MONTHLY1000
CPG0000000409,VOLUNTARY,VOLUNTARY,VOLUNTARY,600,1000,ANNUAL,600,ANNUAL1000
CPG0000000412,STANDARD,VOLUNTARY,VOLUNTARY,600,200,ANNUAL,1000,ANNUAL200
CPG0000000413,STANDARD,STANDARD,VOLUNTARY,200,200,ANNUAL,1000,ANNUAL200
CPG0000000423,VOLUNTARY,STANDARD,STANDARD,200,1000,YEARLY,200,YEARLY1000
CPG0000000424,VOLUNTARY,VOLUNTARY,,1000,600,YEARLY,,YEARLY600
CPG0000000430,VOLUNTARY,VOLUNTARY,VOLUNTARY,600,600,ANNUAL,600,ANNUAL600
CPG0000000437,STANDARD,STANDARD,,200,200,YEARLY,,YEARLY200
CPG0000000439,VOLUNTARY,STANDARD,VOLUNTARY,200,600,ANNUAL,1000,ANNUAL600
CPG0000000440,STANDARD,VOLUNTARY,,600,200,YEARLY,,YEARLY200
CPG0000000444,STANDARD,STANDARD,VOLUNTARY,200,200,ANNUAL,1000,ANNUAL200
CPG0000000445,VOLUNTARY,STANDARD,,200,600,ANNUAL,,ANNUAL600
CPG0000000446,STANDARD,STANDARD,,200,200,ANNUAL,,ANNUAL200
CPG0000000452,VOLUNTARY,STANDARD,,200,600,ANNUAL,,ANNUAL600
CPG0000000459,VOLUNTARY,STANDARD,,200,1000,YEARLY,,YEARLY1000
CPG0000000466,VOLUNTARY,VOLUNTARY,STANDARD,600,1000,ANNUAL,200,ANNUAL1000
CPG0000000476,STANDARD,VOLUNTARY,STANDARD,1000,200,ANNUAL,200,ANNUAL200
CPG0000000482,STANDARD,VOLUNTARY,VOLUNTARY,1000,200,ANNUAL,600,ANNUAL200
CPG0000000483,VOLUNTARY,STANDARD,,200,600,ANNUAL,,ANNUAL600
CPG0000000484,VOLUNTARY,STANDARD,VOLUNTARY,200,1000,ANNUAL,600,ANNUAL1000
CPG0000000487,STANDARD,VOLUNTARY,VOLUNTARY,1000,200,MONTHLY,1000,MONTHLY200
CPG0000000493,VOLUNTARY,STANDARD,VOLUNTARY,200,1000,YEARLY,1000,YEARLY1000
CPG0000000499,VOLUNTARY,VOLUNTARY,VOLUNTARY,1000,600,MONTHLY,1000,MONTHLY600
CPG000000051,VOLUNTARY,STANDARD,,200,1000,YEARLY,,YEARLY1000
CPG0000000512,STANDARD,STANDARD,,200,200,YEARLY,,YEARLY200
CPG000000053,VOLUNTARY,STANDARD,STANDARD,200,600,YEARLY,200,YEARLY600
CPG0000000531,STANDARD,VOLUNTARY,STANDARD,600,200,YEARLY,200,YEARLY200
CPG0000000533,VOLUNTARY,VOLUNTARY,,1000,1000,ANNUAL,,ANNUAL1000
CPG0000000549,VOLUNTARY,VOLUNTARY,VOLUNTARY,600,1000,ANNUAL,1000,ANNUAL1000
CPG0000000551,STANDARD,VOLUNTARY,VOLUNTARY,600,200,YEARLY,600,YEARLY200
CPG0000000556,STANDARD,VOLUNTARY,VOLUNTARY,1000,200,ANNUAL,600,ANNUAL200
CPG0000000587,STANDARD,VOLUNTARY,,600,200,YEARLY,,YEARLY200
CPG0000000590,VOLUNTARY,VOLUNTARY,,600,1000,MONTHLY,,MONTHLY1000
CPG0000000600,VOLUNTARY,VOLUNTARY,VOLUNTARY,600,600,MONTHLY,600,MONTHLY600
CPG0000000603,VOLUNTARY,VOLUNTARY,VOLUNTARY,1000,600,YEARLY,600,YEARLY600
CPG0000000604,STANDARD,VOLUNTARY,,600,200,ANNUAL,,ANNUAL200
CPG0000000611,VOLUNTARY,VOLUNTARY,VOLUNTARY,1000,1000,ANNUAL,1000,ANNUAL1000
CPG0000000614,STANDARD,VOLUNTARY,VOLUNTARY,600,200,YEARLY,600,YEARLY200
CPG0000000618,VOLUNTARY,VOLUNTARY,,1000,1000,MONTHLY,,MONTHLY1000
CPG0000000619,VOLUNTARY,VOLUNTARY,STANDARD,600,600,MONTHLY,200,MONTHLY600
CPG0000000621,VOLUNTARY,VOLUNTARY,STANDARD,1000,600,MONTHLY,200,MONTHLY600
CPG0000000633,VOLUNTARY,VOLUNTARY,,600,600,ANNUAL,,ANNUAL600
CPG0000000646,VOLUNTARY,VOLUNTARY,STANDARD,1000,1000,YEARLY,200,YEARLY1000
CPG0000000649,STANDARD,VOLUNTARY,VOLUNTARY,1000,200,ANNUAL,600,ANNUAL200
CPG0000000652,STANDARD,STANDARD,VOLUNTARY,200,200,MONTHLY,1000,MONTHLY200
CPG0000000653,STANDARD,VOLUNTARY,STANDARD,1000,200,YEARLY,200,YEARLY200
CPG0000000663,VOLUNTARY,VOLUNTARY,,1000,600,ANNUAL,,ANNUAL600
CPG0000000664,VOLUNTARY,VOLUNTARY,,1000,600,MONTHLY,,MONTHLY600
CPG0000000670,STANDARD,STANDARD,,200,200,YEARLY,,YEARLY200
CPG0000000677,STANDARD,VOLUNTARY,,1000,200,YEARLY,,YEARLY200
CPG0000000679,VOLUNTARY,STANDARD,VOLUNTARY,200,600,YEARLY,600,YEARLY600
CPG0000000680,VOLUNTARY,VOLUNTARY,,1000,1000,YEARLY,,YEARLY1000
CPG0000000684,VOLUNTARY,STANDARD,,200,1000,ANNUAL,,ANNUAL1000
CPG0000000685,STANDARD,VOLUNTARY,STANDARD,600,200,ANNUAL,200,ANNUAL200
CPG0000000686,STANDARD,VOLUNTARY,,600,200,YEARLY,,YEARLY200
CPG000000069,VOLUNTARY,STANDARD,,200,600,MONTHLY,,MONTHLY600
CPG0000000692,VOLUNTARY,VOLUNTARY,,1000,1000,YEARLY,,YEARLY1000
CPG0000000699,STANDARD,STANDARD,,200,200,MONTHLY,,MONTHLY200
CPG00000007,STANDARD,VOLUNTARY,VOLUNTARY,1000,200,ANNUAL,1000,ANNUAL200
CPG0000000706,STANDARD,VOLUNTARY,,1000,200,MONTHLY,,MONTHLY200
CPG000000071,VOLUNTARY,VOLUNTARY,,1000,1000,YEARLY,,YEARLY1000
CPG0000000716,VOLUNTARY,STANDARD,STANDARD,200,1000,YEARLY,200,YEARLY1000
CPG0000000722,VOLUNTARY,VOLUNTARY,,1000,1000,MONTHLY,,MONTHLY1000
CPG0000000723,STANDARD,STANDARD,,200,200,YEARLY,,YEARLY200
CPG0000000724,VOLUNTARY,VOLUNTARY,VOLUNTARY,600,1000,YEARLY,600,YEARLY1000
CPG0000000727,VOLUNTARY,VOLUNTARY,VOLUNTARY,1000,600,YEARLY,1000,YEARLY600
CPG0000000733,VOLUNTARY,VOLUNTARY,VOLUNTARY,1000,600,YEARLY,1000,YEARLY600
CPG0000000739,VOLUNTARY,VOLUNTARY,,1000,1000,MONTHLY,,MONTHLY1000
CPG0000000752,STANDARD,STANDARD,VOLUNTARY,200,200,YEARLY,1000,YEARLY200
CPG000000076,STANDARD,VOLUNTARY,,600,200,ANNUAL,,ANNUAL200
CPG0000000771,VOLUNTARY,VOLUNTARY,,1000,1000,YEARLY,,YEARLY1000
CPG0000000773,VOLUNTARY,VOLUNTARY,STANDARD,1000,1000,YEARLY,200,YEARLY1000
CPG0000000789,VOLUNTARY,STANDARD,,200,600,ANNUAL,,ANNUAL600
CPG0000000791,VOLUNTARY,VOLUNTARY,VOLUNTARY,600,1000,ANNUAL,600,ANNUAL1000
CPG0000000796,VOLUNTARY,VOLUNTARY,,600,600,MONTHLY,,MONTHLY600
CPG0000000827,STANDARD,VOLUNTARY,,600,200,ANNUAL,,ANNUAL200
CPG0000000830,VOLUNTARY,STANDARD,STANDARD,200,1000,MONTHLY,200,MONTHLY1000
CPG0000000840,STANDARD,STANDARD,,200,200,ANNUAL,,ANNUAL200
CPG0000000843,VOLUNTARY,VOLUNTARY,,600,1000,MONTHLY,,MONTHLY1000
CPG0000000844,VOLUNTARY,STANDARD,VOLUNTARY,200,1000,MONTHLY,1000,MONTHLY1000
CPG0000000851,VOLUNTARY,STANDARD,,200,600,YEARLY,,YEARLY600
CPG0000000854,VOLUNTARY,VOLUNTARY,VOLUNTARY,600,1000,ANNUAL,600,ANNUAL1000
CPG0000000858,VOLUNTARY,VOLUNTARY,,600,600,YEARLY,,YEARLY600
CPG0000000859,VOLUNTARY,STANDARD,,200,1000,ANNUAL,,ANNUAL1000
CPG0000000861,VOLUNTARY,STANDARD,VOLUNTARY,200,600,YEARLY,1000,YEARLY600
CPG0000000873,VOLUNTARY,STANDARD,,200,1000,YEARLY,,YEARLY1000
CPG0000000886,STANDARD,VOLUNTARY,,600,200,ANNUAL,,ANNUAL200
CPG0000000889,VOLUNTARY,VOLUNTARY,,600,600,YEARLY,,YEARLY600
CPG0000000892,STANDARD,VOLUNTARY,STANDARD,600,200,MONTHLY,200,MONTHLY200
CPG0000000893,VOLUNTARY,STANDARD,,200,1000,MONTHLY,,MONTHLY1000
CPG0000000903,VOLUNTARY,STANDARD,,200,600,ANNUAL,,ANNUAL600
CPG0000000904,VOLUNTARY,STANDARD,,200,1000,ANNUAL,,ANNUAL1000
CPG0000000910,VOLUNTARY,STANDARD,,200,1000,ANNUAL,,ANNUAL1000
CPG0000000917,VOLUNTARY,STANDARD,,200,600,YEARLY,,YEARLY600
CPG0000000919,VOLUNTARY,VOLUNTARY,VOLUNTARY,600,600,ANNUAL,600,ANNUAL600
CPG0000000920,VOLUNTARY,VOLUNTARY,,1000,1000,MONTHLY,,MONTHLY1000
CPG0000000924,VOLUNTARY,VOLUNTARY,,1000,1000,ANNUAL,,ANNUAL1000
CPG0000000925,STANDARD,VOLUNTARY,,600,200,ANNUAL,,ANNUAL200
CPG0000000926,VOLUNTARY,VOLUNTARY,VOLUNTARY,600,1000,ANNUAL,1000,ANNUAL1000
CPG0000000932,STANDARD,VOLUNTARY,,600,200,YEARLY,,YEARLY200
CPG0000000939,VOLUNTARY,VOLUNTARY,VOLUNTARY,1000,600,YEARLY,1000,YEARLY600
CPG0000000946,VOLUNTARY,VOLUNTARY,VOLUNTARY,1000,600,MONTHLY,1000,MONTHLY600
CPG0000000956,STANDARD,VOLUNTARY,VOLUNTARY,600,200,YEARLY,1000,YEARLY200
CPG0000000962,STANDARD,STANDARD,,200,200,ANNUAL,,ANNUAL200
CPG0000000963,VOLUNTARY,STANDARD,,200,600,MONTHLY,,MONTHLY600
CPG0000000964,VOLUNTARY,VOLUNTARY,,1000,1000,YEARLY,,YEARLY1000
CPG0000000967,VOLUNTARY,VOLUNTARY,VOLUNTARY,600,1000,MONTHLY,1000,MONTHLY1000
CPG0000000973,VOLUNTARY,VOLUNTARY,,600,1000,YEARLY,,YEARLY1000
CPG0000000979,VOLUNTARY,VOLUNTARY,,1000,1000,ANNUAL,,ANNUAL1000
CPG0000000992,VOLUNTARY,VOLUNTARY,,1000,1000,MONTHLY,,MONTHLY1000
